Feature_1,Feature_2,Feature_3,Feature_4,Feature_5,Feature_6,target
1.1869714620114489,3.05080975717666,-1.8486476346407656,-1.7209049874921136,-3.2977720193724713,3.096596853423759,1
-0.6165868189113164,2.4781772506090296,-1.5150353888817443,1.8076529653282531,-2.6390812089022515,2.466196269687285,1
-0.6981645831332934,-2.225281479290641,1.079408993250097,-1.256572818413833,3.20389715196687,-3.2476098564257323,0
-1.6787097440495127,-1.6812121940560587,1.6693119037921407,1.1218865988230655,-0.11376444978791195,0.6852199420283287,1
0.2748664205233325,0.3914968118456492,-0.07907979184404113,1.6354516731942192,-0.8926133246902116,0.9787633954042703,0
-1.3904871689052454,-0.6786193779572021,0.608953865356013,0.23601841131424253,0.14660543012205277,0.038141062414754234,1
1.2621430409311818,2.4990139882422584,-1.5134590402858428,0.8239942115373212,-2.703760999619832,2.5395570671091976,1
-0.08151416467552526,-1.3400691902719148,1.0165601656123504,-0.0398935216805006,0.8414191135117152,-0.6082422299847037,0
2.1147029857417134,1.5264649879198726,-0.9174843148750308,-0.14110774309021348,-1.6722399948447857,1.576879513728937,1
-0.12185276399868704,1.1016223863069803,-0.6719559010521805,0.7562215649647351,-1.1776657267803414,1.1018906458046427,1
-0.1717262462083753,-0.01912177442549079,-0.049002972607199935,1.0954277645467976,0.20051534312453262,-0.24215073059393977,1
-1.7299805688177077,1.6866892153684168,-1.0223209677904628,2.111304121485037,-1.82243551215991,1.7110239779221654,1
0.11506624704569181,-1.8157737682109136,1.7431109760902406,-1.7690965446308715,0.05466090276510166,0.5201887958046341,0
0.8375028909877477,-0.565114511033566,1.2067093926196644,0.2904071696787565,-1.9545252184283104,2.603678664769741,0
-0.3307946222355768,-0.2094965976209351,0.12679333977317886,1.101841029790573,0.22690579372628272,-0.21319871269032853,1
-0.47961425482758263,-1.6427126587198861,1.9742618021236296,-1.5620076111383816,-1.129792907409186,1.9311239180034594,0
-0.18335730645225787,0.9753867313512105,-1.0955326104132628,0.1943358864583827,0.4431184428989004,-0.864607713878446,1
0.08616922327309526,-0.8798002691563318,0.911574585751413,1.1407220974865246,-0.17233340404850198,0.4982880284653708,0
0.8775118977236104,2.2600177392187226,-2.499739471469536,0.3577469273589399,0.9119682396065777,-1.8612071865069395,1
-1.0290720846167267,0.15436004261863046,0.09956475658998185,0.5879295951455561,-0.7400229442727624,0.8665545796560168,0
0.6873360549029548,-1.5698211835615192,1.6538268229703788,-0.5743125958378433,-0.3885588867074779,0.989492901448046,0
0.5998484606539068,-0.6217530513757521,0.008117476488365916,1.6568692363782567,1.7662854243679023,-1.9862721003496855,0
-1.0645106516784093,-0.5633395752233372,0.2769718968595788,-0.2558278227446522,0.8000536950962834,-0.8084897081524299,0
1.2002388522151475,-1.8873022502521524,1.188360251873425,0.2964903844193803,1.9072688519160275,-1.7511396976788594,0
0.010605296373754125,0.9861083655405645,-0.5956271521144082,0.8685132222180661,-1.0715978000443247,1.0079232863042396,1
0.3796281851602373,1.7706155006077695,-1.0883785302118816,-0.9189602855071262,-1.8680318236142341,1.7403232544196416,1
1.0499257326502303,1.5967413624244466,-1.7391925464442037,-0.7335198140979545,0.5644269054368568,-1.2160243498579435,1
1.1943707904780796,-0.955385398461057,0.9512117126838004,-0.587757621210744,-0.07233365486446153,0.3989085623932318,0
1.7347626848437954,-1.0079071634623382,0.6128451890285593,1.0887706332580314,1.0832615417691405,-1.0153113053572502,1
-1.5293830922213292,1.1021261288166722,-0.6682580248005181,-0.13476107586329708,-1.1900924953331362,1.117118318848981,1
0.3263307502618375,-1.8714327947944458,1.6241342191717802,1.5523346151134727,0.5680871747574426,-0.09767799200905392,0
-0.8261013573945828,-1.8385871455548681,1.3777058489969267,0.07942432725440272,1.204966018491835,-0.8970978048345684,0
-0.12347384632592827,-0.4908028857594693,0.236941685596306,-1.0795839265027458,0.7099989064015813,-0.7204402643168953,0
0.3805488600210808,-0.49560622401149645,0.5469528770292503,-1.602314243335623,-0.19635915377130195,0.40365505738630125,0
-0.14152337364602535,-2.3164515644177253,2.0795642541137545,-0.011855728176082367,0.4977203591928574,0.13355483322213513,0
-0.37036938206212205,-1.87837934326598,1.4648000389837441,0.34152201058569115,1.061033336864747,-0.7059512922955342,0
0.9207037064848604,1.8058116815582843,-1.1034577110595292,-1.1012114779934905,-1.9246228905125173,1.799016916174541,1
0.23131711658887785,-3.6337851213518055,2.5847392240406055,-0.42425085774908444,2.79158793288521,-2.2809310218003933,0
1.099974514715843,-0.19128387899520027,0.12280821382082839,0.6126774913655503,0.18628987049684625,-0.16879186181089678,1
0.3345956986031069,0.19507986285084655,-0.1040395078617527,-1.0941665468358064,-0.2529308071805741,0.2500988028880611,0
-1.6994917684116917,0.2059248890045513,-0.12192239113765276,-1.8532888650882562,-0.23107899212408595,0.2195236918927228,1
0.38597931932434,1.4592057489194954,-1.6375823095510147,0.2639192977172961,0.6588658172771957,-1.288459112222715,1
-0.4124186611837809,-0.6255371874808136,1.306708153824319,-0.8204986696390059,-2.0773549837271683,2.775368314005701,0
0.85698222225438,2.7310995447636417,-1.6776512364125624,1.8784717146719372,-2.8847042128527685,2.6885167725110275,1
-0.5583164334164079,0.3594015266395286,-0.48456545459559913,-1.4675814225060064,0.4033885795737333,-0.6159660283933889,1
-2.19190798280299,0.17131649084681433,-0.2649602688416843,-2.2000219885513803,0.2931499019367339,-0.41853782520985594,1
-1.5800695226876613,-0.025033996003309023,0.04152023963653677,0.17428368055647953,-0.0511552113053616,0.07146179236180283,0
0.05384387755844742,-1.5258949958101415,0.9448102509460035,1.3304175782166014,1.5894885529097957,-1.4745749637433547,0
0.874328164466829,0.6155705062199978,-0.7183740643779942,-0.44666667661045595,0.35973418392070367,-0.6448383150289689,1
0.6114363749740033,-0.2654562682112611,0.15889188944592358,1.3911561566667785,0.2927690577477315,-0.2766536225297256,1
0.5710335188840954,-0.7391883868597455,0.5237360405393866,-0.5609986006931457,0.5739655011198534,-0.4715415550794201,0
-1.6770214103773435,1.282947998828205,-1.2940960679280569,-0.749026163817477,0.14686017167128396,-0.5972648410746978,0
-0.27888536777938505,-0.9925219302765247,1.1991769569608084,-0.6758485051730069,-0.7014184321035517,1.1900645341723783,0
0.2272571288045196,1.163596648679507,-0.7110664304466128,0.6530454138210415,-1.2400351324351542,1.1590710263631432,1
1.624625627593815,-2.0756853146315573,1.9929277596874808,0.6257234597404121,0.06157606948040295,0.5957749728956808,0
1.1232722951427618,2.6866074706570116,-1.632588943251159,-0.8743640966633188,-2.890342255689314,2.709904642908779,1
1.0295740390685735,1.0391442249653111,-0.6233018566899727,0.15656317299570796,-1.1421728136683182,1.0781604126561504,1
0.5191055570821175,-1.267201746067337,0.9594346961031317,0.5719241557150861,0.8011548326051998,-0.5819662800735542,0
-0.1570686006592748,0.70151523548429,-0.7814953179864825,0.13841901754568675,0.29960993793228896,-0.5981994450860817,1
-0.05354525598450708,-0.152128930946274,0.5322305861665125,1.104275941043664,-1.1417259359147414,1.463301649958727,0
0.7357206968150062,1.2061601913912785,-0.7265080119607568,0.17322550974396186,-1.316765322899149,1.2403220343894972,1
0.7138348560810323,-1.8339584348268723,2.460168445890913,-1.3699219200767077,-2.0213783591731507,3.0972869806095225,0
1.1833866172278042,-0.9786977476064948,1.0300383356875078,0.374756570469951,-0.2391810027031937,0.6130996581221443,0
0.3669680979623962,2.303410929418023,-2.484639083816992,0.02071408342287196,0.7421929333175166,-1.6649868028356734,1
0.7818907330549651,-1.6019901504746008,1.7384466390752047,-0.4188408718328557,-0.5470986272872655,1.1962623604915634,0
-0.483122548998735,-0.24725255467820073,0.15995663265161258,-1.5330802525033442,0.23718980941606374,-0.21371151872069616,1
1.3865766703101874,-2.049896071723882,1.2829377493419885,0.3207754132797408,2.094739477064735,-1.9306828328320274,0
0.8619611480074375,1.0060238642551287,-0.6248653032088575,0.224029150288727,-1.0421597934549065,0.9650158277465938,1
0.2873168880922344,1.8270625883669405,-2.015171773502895,-1.2013658370890563,0.7203756523604619,-1.4837399421072697,1
1.1298484109634628,-0.44598342631353594,0.40450050820521044,-0.11775856876308137,0.08358236249391066,0.04087642484221932,0
2.0830593102595256,-0.9454474217966518,1.2726100896376762,-1.0191331306822646,-1.0549403037398026,1.6126663337885978,0
-0.4371325650560525,0.7780874972387576,-0.9283419102573863,0.01767152112702768,0.5149917819103822,-0.889745146867137,1
-0.17321285720249424,0.005088867279098075,-0.002504747683550551,0.08409491004979613,-0.007219030327932385,0.007293287833039619,1
-0.7850461305244337,1.5213270827835599,-1.7386527744623783,-0.8346646751361354,0.7799852639521536,-1.4585804710956334,1
1.2452371757767107,3.3659594996667517,-2.0549287663368636,1.1874137490072498,-3.592973860748504,3.3601744232465385,1
-0.6309632677088037,-2.3772557143711976,1.5908203560431544,0.06960731156306942,2.123522343346561,-1.860342725918838,0
0.21742998437254055,-0.18972984812492477,0.12273118052975195,-0.5036246822749436,0.18204358695963238,-0.16403590969214976,0
-0.14740664725461547,1.3873302581485483,-0.8595371494833166,0.8930303125722807,-1.4435935650416045,1.3387441559786066,1
-0.9108697746931266,-0.4465468748502779,0.5887246115138371,1.9821633344362959,-0.46161767805580023,0.7162985466150678,0
-0.4273509357793124,1.191161652659817,-1.317888441568695,2.131246487834625,0.4817868098291568,-0.9823599130465565,1
-0.6044583415956847,-0.12561378004942148,-0.41718202502882973,0.11581714340030545,1.6000124400368803,-1.9409735551010168,0
-0.44690427050504,-1.7493229303815212,1.2919411620698233,-0.5902246024719148,1.2024943767279428,-0.9229374234040095,0
0.5168956740966381,1.4559802942872313,-0.8906458279276958,0.2506243198320681,-1.5489377793405223,1.446988187642912,1
-0.0872364470397206,-2.1859377143337957,1.6770325903771637,-0.6980669395636352,1.316710029182072,-0.9230341143020171,0
-0.5367438693462067,1.2928371981640967,-1.4949237298528542,-1.2325391431835504,0.7144895329393872,-1.303485433683557,1
-0.6884510708320924,-0.7300371416595774,0.43436586176408154,1.6756082966030161,0.8128865798503612,-0.7704123198244883,1
0.44512688150507185,-2.3376790003916277,1.618107815894586,-0.35226589943695574,1.9285626062542902,-1.6316953400655478,0
1.2823651538413017,-1.0365943460938114,1.3635012229672445,0.3491576272822004,-1.0622638293269968,1.6512469955412377,0
-0.6041318688756462,-1.2309176325610902,0.5030615741476295,0.42016293984183195,2.0513001359076397,-2.142040488536626,0
1.36432789024692,0.7838084936021558,-0.9157267194901224,0.6977738758177617,0.4610727903356251,-0.8248178103643353,1
0.16842268898578225,0.5788449266502497,-0.35481900501587316,-0.2952388237498023,-0.6136330090627224,0.5725843406652529,1
-1.4145786557631719,-1.1688755613682393,1.11153205893746,-0.45842818574165745,0.06655546523399142,0.2960130087563726,0
0.7186772841208694,-0.8644726882286783,1.1716997062662584,0.6600005135614802,-0.9885856620839995,1.5042680297563331,0
-0.1406289072448084,-1.619334526823746,1.1149685293806324,-0.2460877615550553,1.3534823269282596,-1.1520245456614915,0
-1.6223442326445394,0.18787099218833525,-0.10450504455015902,-0.9276791698587648,-0.23079054742518657,0.22501170061929754,1
0.40207927197532023,-1.387961709333542,0.8477815126475612,0.14834230870626613,1.4803054981214574,-1.384008078201747,1
0.37775916980219115,2.614144408998401,-2.8306500015171516,-0.3367716402342027,0.8744604529208535,-1.92940760318454,1
2.115465177199709,0.36747958281726567,-0.4978010662632934,0.7267873243347864,0.41941382524734994,-0.638428979234763,1
-0.8619030767263027,-0.3502243476016239,0.2432520926857028,-0.5459057400997855,0.2864626251106305,-0.24139790624973156,0
-0.009271484782550705,0.09463438255137335,0.5346566211488709,-0.5166283932207258,-1.8594987084934633,2.272381894735509,0
0.3927231631058914,-1.275990926080067,1.3071307858151833,-0.13753852950614973,-0.2055837889154995,0.6677425892081414,0
0.8144972376414036,-1.5533601563765145,1.7022277534180061,-0.16368332023330737,-0.5796254181688574,1.220802576728012,0
0.7386377969874374,-1.7185801310833373,1.3910369703242287,-1.587295576479942,0.8198276256790653,-0.4589515204026049,0
-0.17973659587118762,-1.1019628013856069,0.5895424022733441,-0.40374842284713686,1.4232695449933164,-1.4059650146583726,0
0.42917757167632353,2.423505161613049,-2.6346989578769886,-0.6971483560059718,0.841788122697109,-1.8272196961876972,1
3.0094311885565737,-1.5738462075469553,0.7770194238436201,0.1516470922636853,2.2256118365138042,-2.2468996607540244,0
-0.06997780868904459,2.5477355050065307,-1.549227060337262,-1.0542396337853575,-2.737889616432987,2.566051540512423,1
-0.03154737290361876,-0.16822152307311744,-0.152847439071573,0.5218069706284418,0.9380941473875264,-1.1073813090734599,0
1.2349819128945396,3.137204148128727,-1.908201367728216,-0.6449557346942084,-3.369780376591523,3.1578088154908297,1
1.2955975493181064,-0.8630963566102885,0.8732262208336348,-0.5528066779357411,-0.10660605793924746,0.4114753991892768,0
0.8998890940029004,-1.9701680771316523,1.4185263470523264,0.7402516839885996,1.462696942325481,-1.1737004814363758,0
0.19557231544411002,-1.4576419137547698,1.3062856792764135,-0.018225082394306383,0.32000103873518015,0.07560923421675692,0
0.6959934052009418,-1.7644540289164228,1.7507056215529242,1.9860750793068584,-0.11566054729624159,0.714519234527472,0
0.1005974098500913,0.9060581451816798,-1.0307952966390317,0.3941610453454233,0.4505985127681691,-0.8514256151898457,0
-1.1645267994987059,-0.24303216455961063,0.1621339707904308,-0.8760992440237212,0.21857403367347916,-0.19202198016722882,0
0.4090766064869274,-0.01076784449409729,0.011071276996879426,-0.3428127042633284,-0.0018555391619857358,0.005784388004145269,1
0.22436715407900518,0.16777678239748406,0.0758719342002423,0.4722598008931188,-0.708331222302361,0.8229599379680235,0
0.6648573576048594,0.264877816918466,-0.43866563156630606,2.3354379885233736,0.5393340309095704,-0.7537331856759205,0
-0.2943232437104846,-0.029087636342921774,-0.00985345076230483,-0.3518269779648862,0.11300729192996677,-0.13054387783933963,1
1.0428050413732246,-0.3316087505679013,0.3420859604012143,-0.8421046445027196,-0.06050552018308056,0.18230104057003937,0
0.28544143797998295,0.25636657661798423,-0.14960310104680882,0.46000889653499344,-0.2941660867046474,0.2813268074987827,1
0.2622053859838585,1.900968522574924,-2.1266432341534016,-1.1683078561304467,0.8384332608246751,-1.6538846237069778,1
0.17621844293981462,0.17923711928116703,-0.32069781244310813,0.4875778093681058,0.43578467733362175,-0.5977579022529035,1
0.30722058947587705,1.1094083259093057,-1.2862452552675339,2.2131495733997437,0.6232762874307312,-1.1311280689981547,1
-0.656298843285933,0.13534104429223404,-0.33986247163051053,0.20371847304077348,0.6190718337875267,-0.8105501290454107,0
1.7514967848490575,-1.5025646286674046,1.0825852167033452,0.7193346780121523,1.113357133685929,-0.892431550453299,0
0.05788055045426294,-0.5532697162068008,0.9620357553579293,-0.5867679005854531,-1.2623814692251698,1.7426116885816938,0
1.7340585443861891,-0.558067470794033,0.35324170705031943,0.7148573383644334,0.558484724252452,-0.5110092849718741,1
-0.6035120407742821,3.2654910012558656,-1.9790593380011645,-1.3932521825573492,-3.5288671596899746,3.3133055280309858,1
0.538393614311805,0.8231719684535447,-0.9681857115112398,-0.38911879131936244,0.5034342073381253,-0.8900277457078853,1
0.71545760498249,-2.685472121731067,2.9062315132786125,-1.8926352335181236,-0.8934120139646041,1.975972985507743,0
1.1387610584163321,1.485299308772109,-0.9026208652003265,-0.1725362519367236,-1.5978190096091978,1.4980359145656275,1
1.5343554608822227,0.9433101259605967,-1.089300404075864,-1.0156929487583688,0.5169864804391778,-0.9457092181087523,1
1.8105316614232414,1.2068213431300974,-1.3826126098844032,1.2735557900509897,0.6288109473621153,-1.1695219425273409,1
0.27772181690660375,-1.3714456431011626,0.7698743109969487,-1.080675274210254,1.6639941345974947,-1.6168569908819954,0
0.4052894562380805,-0.3942816885032261,0.04021193176011878,-1.3881684753469057,1.0160019511883918,-1.1306806964200464,0
-0.28426165391788677,-0.9181037726150503,0.7115616717829469,-0.41235523638592136,0.5316517419005374,-0.36120836845129034,0
0.39926632368609855,-2.1790504506739303,1.8278305033389701,2.1468903668704207,0.8492723260553829,-0.34633428794440047,0
-0.8721049422838726,0.3638575755439619,-0.22258578233305903,-0.14645494181192045,-0.3870631309383147,0.3615793889786191,1
0.08754734320813405,0.2897301510545066,-0.3538817120948117,-0.5048424869909438,0.21611048609202302,-0.3614615863653403,1
-0.8585360773188876,1.7654936734988391,-1.9592769371023329,-1.5989049019732768,0.7317578737647248,-1.4779030496820607,1
-0.9575590833417593,0.9594533522565198,-1.1224561982872072,-0.10347644097532795,0.5689155314128943,-1.0152508882076783,1
-0.6558069632703147,-1.306400650647766,1.0354366555080436,0.6356478884472019,0.6884381964921527,-0.4296734693444446,0
1.5462635232131172,2.088710885273297,-1.2721019778425828,0.9097835730208302,-2.2386726056842106,2.0963795581207787,1
-1.025428668458555,-0.20154503646211852,0.12753886970071934,0.45305307558105645,0.2017958173784034,-0.184674023500091,1
-0.6174507104886462,1.1496009037490853,-0.7062617046881443,-0.03437988246120591,-1.2139950452266721,1.131351284824217,1
-0.8614432555807732,0.7328912375931431,-0.4495260369532984,-0.9800781676502259,-0.7761060075140078,0.7239348822399962,1
-0.5997452328296794,0.4428931978833561,-0.3637496849488543,0.04651067274983724,-0.19564232392346442,0.0989122922175234,0
-0.030880325882399823,2.105254955364159,-1.277447917836935,-1.0915720433431668,-2.270444310885061,2.130372944749462,1
0.1401541719441677,2.253168544558381,-2.507413116451173,-0.07139352192301932,0.9544682293017497,-1.9116266181894586,1
2.695427364219118,0.31943929996422393,-0.4490126983133694,0.8978396819896863,0.4129331822017213,-0.614848741671949,1
0.9923589852495763,-0.6229301812909881,1.017602101817821,-0.962698534819096,-1.2267240409187805,1.7210030920474118,0
-0.4593545672163019,0.7392295427442414,-0.4542432605250618,0.37728075924910626,-0.7803557054041244,0.7271460738975453,1
0.2529241159081826,-1.7760259731425685,0.8983729338311244,-0.5786864172433068,2.4475950711098053,-2.4563706460028243,0
-0.23141903768427213,-0.8923717104350792,0.8263772002838883,-0.12622448413605752,0.11675374553088787,0.14431880063358404,1
-1.787706035213936,0.36699456727210356,0.4297379075927205,0.8203710362909347,-2.33235374649981,2.7698398648269493,0
-2.4311691905885793,1.10764863659623,-0.6619522097892729,-0.4197910957914159,-1.2247121437791633,1.1582073485392517,1
0.3251211053455814,-1.558266818071233,1.7922732673816637,0.15425813060943266,-0.8327736243115178,1.535919630020185,0
0.59872761022076,1.2592606178351273,-0.7703442510899936,-0.23563353294995612,-1.339554845105939,1.2513550970775602,1
-0.375520371928011,1.7768304024700563,-1.0834066045248059,-0.45590077255134837,-1.9006859556317035,1.77875378374075,1
0.35261273753819017,0.8481671907699786,-0.5386483749985558,0.12562309900206534,-0.8435138778432104,0.7700981704757923,1
-0.42657080383788015,0.4821465470746016,-0.5780612594138251,0.488540387462982,0.32745455027407866,-0.5616611805963687,1
-1.3825884148505516,1.5496462801693216,-1.7671885552670106,-0.7463189898492898,0.7831394419899596,-1.471655791289308,1
0.5130650666733377,0.7079941411196299,-0.8592125031106512,0.6907420810383345,0.5116372434563521,-0.8628965909370999,0
-0.31974584204874307,0.2064237151788042,-0.3563460782836622,-0.557114597004205,0.46331186620099496,-0.6406529198579662,1
-0.2987258432131629,-1.3282878424311435,1.749156520459622,0.7380170766446099,-1.3670325594958084,2.123149019233101,0
0.2645227553666602,-1.7340257938637387,1.594166029568949,0.7258623263177081,0.26136736360342305,0.23771198241578628,0
0.20800302028545717,0.850755142044654,-0.9755046336774592,0.21475951947291677,0.445730951855274,-0.8274917800558185,1
0.1532001161162045,-2.6164506489833133,2.2819734757482526,-1.7336693218625328,0.7607876362173098,-0.09512880202258112,0
0.4667920243948707,2.52417054609018,-2.7615806434211714,-0.9869604662956988,0.9285314229479024,-1.9672448862505862,1
-0.3753932031921457,-0.40435279407514146,0.33262009101751877,-0.9231358979997109,0.1770629210433984,-0.08837948325192813,1
-2.120773336090958,-2.3319677533384113,1.9353705124564855,-1.321612041865104,0.97040283043584,-0.446846969754227,0
1.9713565866225151,-1.1208689294540954,1.4777126820245898,1.3588220073071768,-1.1585971994588409,1.7978428559971922,0
-1.05750513080247,-1.0303201970886158,0.8249486624022285,0.0704338841222101,0.51822602444565,-0.3082484316022428,0
-0.6104496082250214,0.9037989723448396,-1.0276673685653734,-1.7709121349040247,0.4478194930267403,-0.8472523059229087,1
-0.4831599400528999,-1.9120438432852866,1.7636095765052218,0.031158203200666514,0.2710322188409134,0.2833782267894327,0
-0.6634187459539974,2.986548327486645,-1.8206847138193372,-0.2828870722619014,-3.1957277113947384,2.991018927822587,1
-3.326870107456545,2.1388845289179717,-2.3453627534305417,-0.7220667003612804,0.8025514016333759,-1.6864736245897647,1
0.27768096375701595,0.28226944743422977,-0.1736109352616475,-0.10505030362654673,-0.29749399347353833,0.2770619879730448,1
-1.4689580238411875,0.3988326584925477,-0.49168496126491223,-0.45594475236602156,0.31097641011643345,-0.5142784470381493,1
1.128326738862537,0.7250275834569431,-0.8439275800928907,0.06699714702279543,0.41721887309672023,-0.7514726666409723,1
0.7565580930299501,-1.7739976452063067,1.582891515410572,0.8490184738110997,0.4099345573599776,0.06665049759847363,0
-1.8663060144007295,-1.001674081306342,0.623926821062114,-3.136547096243239,1.0324199445807283,-0.9543611714987292,1
0.6414681291744372,0.2293202403084157,-0.3470612092509417,-0.21903807741536976,0.3698199897130472,-0.5322747458544754,1
-0.875052799301122,-2.2565401605554727,2.2627468726945223,-1.8323584687689487,-0.2185297385102286,1.0012456645084993,0
0.5140290983076823,0.8403969349712603,-1.0320606073477112,-0.012262028254905641,0.6434301763283468,-1.0689920511093531,1
0.7778651530672539,-2.958329598036698,3.2337921535682668,0.05570279183586543,-1.0799810854737095,2.295384206116392,0
0.9690051889409822,-0.4716435640830463,0.333849877546536,-0.32069117709417355,0.36718094924059774,-0.3020574373919086,1
-1.460153974462839,-1.271516167397321,0.879387973441256,2.1207828208907245,1.0511768967822483,-0.8902260717945156,0
1.0072356139041962,1.593915159154792,-1.8238195262659547,0.13266038243141628,0.8237588765014318,-1.5362964581597385,1
-0.6186938175159893,-0.24201751445886155,0.13556133936213055,-0.4545375030259945,0.29452639706938005,-0.2864188081327361,0
0.16544826970844606,-0.07487203754204852,-0.7445382491551293,-0.7625585835505574,2.425572079045096,-2.979871962710827,0
-0.14694318764881514,-1.3133861603214354,1.0923467500083164,1.5394133875612162,0.5396302632124523,-0.24311058972635013,0
-0.3583724771832253,-1.4398003478760004,1.7256264679694289,-0.9200805910869497,-0.9760817411758788,1.6750537050653893,0
-0.47576219339040365,0.4553375474120407,-0.2834447524207828,0.005114477161224931,-0.4698414984302931,0.4344836530767968,1
-0.06182993958949277,-1.5444933308191326,1.4824941187866378,-0.29667200946776284,0.04706552291590066,0.44176420496262847,1
0.33184393771248366,-0.2158494015695167,0.46971734016390354,0.6629511195583497,-0.772683801087268,1.0268671454641054,0
0.29365777050808095,1.2889246585582916,-1.438117252091386,1.8439566470007127,0.5571403338723877,-1.1073389741096342,1
0.6067012784369126,0.7925794141847822,-0.4866269266609283,0.2052196421565403,-0.8378575797992788,0.781090224154734,1
0.16701309823412558,-0.09416028078749772,0.033833018159492044,-0.18809094066874477,0.17071618300856597,-0.18094897708851665,1
0.9328418955880727,1.3503282627345203,-1.538026055249255,0.4397763816548952,0.6768784335768053,-1.275517133780003,1
-0.5829301056127938,-0.28240760814311816,0.05968810916725473,-1.1514476861125065,0.63604285343286,-0.6963158845584336,0
1.3113060843098503,-2.7613866699281653,2.1041359164128868,-2.000076695810401,1.7060064345645276,-1.2188731873630754,0
-0.25266820671874984,-0.7503468511850206,0.7015271049269451,-0.3284246210687022,0.07836937188566301,0.14587557754571412,0
0.13250090745822504,0.1491960560016331,-0.08332735716642059,-0.3459924212349105,-0.1822840387912716,0.17745720980716428,1
-0.6037002254979723,1.3274376612669476,-0.8192020869319137,0.7553370678349403,-1.3908531725172384,1.292815500821003,1
-0.7592253416328627,0.6562089601379584,-0.8332688452772696,0.6104377612548615,0.5837490168868207,-0.9354419490969219,0
-0.8385124432042234,-3.1001998009908815,3.055054094503889,1.6581526312507064,-0.14091761296661176,1.178270688375788,0
0.9092829373790172,1.309505240534858,-1.4810132561714426,-1.1821053658062814,0.6252030608494057,-1.1982991499252158,1
1.5387359939272038,-1.3068968141906598,0.6638408387872101,-0.8079649866116945,1.792854873068008,-1.7973520160764658,0
-2.0534471055257284,-1.2588464309973455,1.2174140537835427,-0.23801487992648404,0.011348839922359355,0.3935169516330219,1
1.2395638124694486,-0.7727508406855299,0.6119110054213943,-0.739546350742582,0.40888584313793225,-0.25622113022391035,0
-1.8283553815619282,-0.40613468452133794,0.7395862693947782,0.22627238393305849,-1.0257818926691675,1.4019415748574666,0
-0.46875647280124383,-0.8911321900237028,0.8441690884050262,-0.017271622377043345,0.0603737547967417,0.21374508038128637,1
-0.008720589985642384,-2.652262572707692,1.7988478737002005,-0.9155590629051246,2.2979463224691288,-1.9873317541892446,0
0.9851679904432313,1.1008570558807953,-1.2424351437441064,0.5681603186557863,0.5178610444488507,-0.99780084686766,1
0.21861575836709907,1.645490310751116,-1.0045753848457573,-1.1249556216456256,-1.7564737335929093,1.6426680100782118,1
-1.1125890548672368,0.2526185649356967,0.04100939207312182,0.8974599734817972,-0.8491582765873349,0.9699077317038375,0
1.4186277524817053,1.2098531899748481,-0.7146260720195075,-0.7302003834918545,-1.3626680881619913,1.2959777340844363,1
1.6894286718761466,1.1869543256083943,-1.3660793491266188,-0.6319624765009827,0.6369445807134915,-1.173163307567928,1
-0.2186178796445399,0.8035198092161664,-0.9501290848967154,-0.5557801447058143,0.5064274164839594,-0.8873721702919516,1
-0.05614307498601653,0.32004975438559646,-0.2024090575564021,-0.4812960413967444,-0.32080502814419265,0.29370109901761465,1
-1.0994121244898645,0.6415551942281918,-0.7622120463228695,-0.06168653545336215,0.415031443327911,-0.7217379082387296,1
0.8511838935027901,-2.157466265593467,1.2524883787555026,1.0693223667950456,2.4948763826674645,-2.3914316648705576,0
1.4049878715977444,0.22666411744934578,-0.3289086495632767,-0.22310066895476163,0.3235872060043937,-0.4741546778350588,1
1.2092207508179615,-2.3679403030521926,1.900066746770088,-0.9437258828246979,1.1787785028210356,-0.6932771326473288,0
-1.222778908039116,-1.7002823498229866,2.0616937369804353,0.6459432047885942,-1.2235366006798407,2.0658662611661853,0
1.3638252897418415,-3.249819149956969,2.3786964077290405,-1.5527578328277152,2.297517712723918,-1.7933319299866706,0
-0.7441938625676129,0.48601395987087004,-0.6169672393850378,0.8750106534750496,0.43180060717932467,-0.6921477197577744,1
-1.4781634902119645,-2.2870809702903685,1.9169125340569233,-0.002111159926847774,0.8959361209555603,-0.3691515102412175,0
-0.5374937198952092,0.21755160691481445,-0.3015664266740979,-0.7007813354350887,0.2686688440590392,-0.4031870066841835,1
1.8697986136230553,-0.2801877160092714,0.24885224048197657,-0.7293826363055097,0.06816477430963533,0.006292227570796394,0
0.24514198473204302,1.7022842387921464,-1.9046496533688215,-1.5539483498594469,0.7516264919690828,-1.4820455608549572,1
0.7783658777042087,-1.7778379749045998,1.5461461610410514,0.12268330620373355,0.5300623125809046,-0.08088643718721622,0
0.49738494439875086,1.049320501254266,-1.2354726140467638,-0.1260660328527834,0.6455975464113128,-1.1393188919762909,1
0.8875887934002106,0.27447317252319425,-0.4304881124572615,-2.311148322320079,0.4874306619026069,-0.6925566215556911,1
-1.0713342164990416,-1.4966368602382254,0.9855314720699742,0.5587127202999242,1.3843671490659812,-1.2300013644073897,0
-0.0644526727811094,2.826654729123632,-1.7153794712970551,-0.09365429061659634,-3.0478751523701098,2.8596692113414717,1
-0.7302430081456786,2.8336395891881017,-1.7429426654761913,0.029359444585524485,-2.986174179311787,2.7809900214121686,1
-0.35120095485054464,-1.4983067598811424,1.5131308159248427,-0.2582670818157813,-0.17686910720948706,0.7041574455624446,0
0.15000076471736448,0.6927639250312159,-0.4256146171193409,0.40879989427974933,-0.731531674035691,0.6817206897413559,1
0.7522701654178005,0.4900478660522043,-1.0020963696411629,0.4967969781631213,1.5633428496293504,-2.094888435976236,0
-0.07130824689512472,0.35597802274831003,-0.2194228596131131,0.6064588760560982,-0.37376175800291966,0.3476565457817766,1
-0.3915838087264395,2.071351050314917,-2.2587264648482175,-0.13447301272085968,0.739860784646199,-1.5869651107593556,1
-0.42620013504966053,-3.183262799866503,3.3961999093478488,0.3393480843916682,-0.9143369042194247,2.1630569218525224,0
0.7614484031257602,-1.5202390039503957,1.947950662049608,0.902256390799344,-1.4043661591777228,2.2315347434577233,0
0.7290590474474038,0.20856343841071223,-0.4906245566251787,1.1785954763808106,0.8557219960233514,-1.1273524355229414,0
0.6513936526541642,-0.8456009892750644,0.516101887900708,-1.4581377486624534,0.9030478553758314,-0.844662883937342,1
0.9054183652067983,-2.068540263615019,1.981967944051734,-0.8748579739212775,0.07353284346910555,0.5786529708223147,0
-0.16201951065403583,-1.812325852047536,1.951454777560816,0.7345189188944968,-0.5736833414897067,1.2972877076127967,0
0.1333293779443098,1.9814875188500207,-1.2074613195389432,0.5982170032268327,-2.1217850478306426,1.9863276593655534,1
0.643256277885669,-1.4213200719777879,1.5859655995943842,0.3144437342194759,-0.6147490816255581,1.22155364622834,0
0.17514072234177805,-1.4719278738757087,0.8495192172782259,0.6463503243614719,1.7169338301619117,-1.649890910240623,0
0.30633630380025456,1.3827239922396162,-1.091075095979308,0.6079534369773959,-0.7430678369602073,0.47262226109893923,0
0.26457867412032504,-0.7096924627022844,0.4902273838722106,1.0049441504937833,0.5884919353893214,-0.49908259670775945,0
-0.23493024097000295,-1.1378847925181392,1.0533927916835304,-2.169850303806109,0.1498871136487107,0.18277153626557519,0
-1.291149046661543,-0.6683592433820953,0.6343606175460462,2.0409177537355614,0.04164717614337149,0.16481178738813007,1
0.020936697945500675,0.33594341968877584,-0.20791894057814525,-0.639720755007349,-0.35021722533329464,0.3249827735749752,1
-0.06567238193428915,-0.8866047497970475,0.9000380916418361,-1.9604904161690953,-0.1184962834432633,0.4338128868190809,0
1.2475949323501623,2.4163898273582016,-1.47240082447628,1.5868022211799337,-2.5877100233598047,2.4225768829772836,1
-0.9266079955422619,0.9120694787084449,-1.1615430033445318,0.6003103941040154,0.8213798779269464,-1.3125910299934558,0
0.6816039715865458,3.277311511846243,-3.5853910968548517,1.0064932189227287,1.2050833158457048,-2.5536012408068833,1
0.586649397530048,3.300601853529694,-2.002436057997368,-0.16885984933446088,-3.5605833762851273,3.341218883320348,1
1.2182004204149677,-2.8115398234515308,2.3926240470693467,-0.9461686365396965,0.9941219916118091,-0.32095404507141634,0
0.35467061705308983,-0.285780932576823,-0.09337374713871771,-2.2166683255468347,1.100081871801833,-1.2699440778361768,0
-0.7260322718107799,3.2006439118643226,-3.462708259110953,0.32681720009334897,1.0616999818060322,-2.351196073609315,1
1.039921035498849,-0.5648406086560522,0.33682533276197957,1.48084904924909,0.6267162779041306,-0.5933223290818055,1
-1.2266030485008859,1.1318343200682661,-1.3165152451849886,0.35630181554482215,0.6485479039192571,-1.16968819632101,1
1.1134162271793842,-1.5638497923118346,1.4421422223372702,-0.7432973334218372,0.22257813783344024,0.23065577030848727,0
0.7713477414802735,-2.1910524549393333,2.0020280248365974,0.2341568736602126,0.3667717480047876,0.2551368878897313,0
0.3275437242416135,1.5169898417103571,-1.6982388824111054,-1.3111680946998219,0.672516254864229,-1.3240739867507152,1
0.4554298609847236,-0.0024117256008722165,-0.09223020176450472,-0.11489452796804797,0.2807066905495085,-0.34687926281245374,1
-1.2270862227779027,-2.6068291139247814,2.6424505772741096,1.488180592888767,-0.3369030805605421,1.261265034595233,0
-0.5377433879826418,-0.050313625972744136,0.03952309546310078,0.26322676471667633,0.027567214277031904,-0.01785259057452504,1
0.3665931977064946,-0.7346731129553687,0.2521303185402193,-1.4544598168842944,1.3671561662806555,-1.455383831755645,0
0.9603222079687327,0.20552297519500784,-0.09958446315902723,-0.2322485320299149,-0.29622612803215503,0.3003396747423188,0
0.4455391978697365,-1.578068623799565,0.957053050669479,-0.3239234479319593,1.70338640842174,-1.5987473422607081,1
0.6313191638631964,1.749659319736312,-1.2463991888860975,-0.4109089835232745,-1.338642830006251,1.091450729861876,0
-1.1181609589524386,0.4784774430484149,-0.5656154191532493,-0.07047705088012013,0.3010776638771241,-0.527805015726331,1
0.2523082246772736,-3.761314684726921,3.5597401701732574,-0.15730922736768396,0.2647749283450872,0.8898605007233584,0
0.6727652589278552,0.2839288640163764,-0.3591690008347986,0.7667442943927492,0.24850966140345138,-0.3997102621388473,1
-0.18530621098365718,-0.3918827610380855,-0.2116698972797464,1.2535672542353968,1.756741405513641,-2.048876037032278,0
0.7201440605907986,1.342813818948506,-0.8316999029662785,1.1957157068418152,-1.3980332644897702,1.2967298796842646,0
1.3869901124185693,-0.2574507255509567,-0.3000021029450941,-0.20590438735005992,1.6318269889358852,-1.9376919985226941,0
-0.5623108097584534,0.7392756809691305,-0.1620528403376869,0.11791358251374974,-1.6477817222643638,1.801453285955204,0
0.38898373368105477,-0.3821963966023365,0.5485476948493427,-0.6269270273881418,-0.5276642583792367,0.7772638318867887,0
-0.22118042596625312,-1.2448904566069519,1.0634781267416806,1.1870364182573008,0.42808142391426596,-0.127132054789157,0
0.6966166609277529,2.3058925002085697,-2.548520623018745,0.26461151276943007,0.9246632297229657,-1.8917828764867586,1
0.2810481518633767,1.678211899713557,-1.4526222152046109,-0.6590164036983174,-0.5207843841047041,0.10165117805223711,0
0.7536579293753193,-0.11480587838084677,-0.29441054168139497,0.6496361781879872,1.2044743421783732,-1.454592007972759,0
0.31832073377970943,0.6534818717076751,-0.11258145680316456,0.8324431655559804,-1.5475758831485193,1.7051238056211866,0
1.344860476233612,1.005826514756634,-1.1136730300705588,0.32763107959685683,0.40931025646520647,-0.8325910806587863,1
-0.5583869755155961,-0.25320571515427437,0.16144831771450568,0.27208987891322073,0.2499046501055801,-0.22753163345510785,1
0.11410724455819124,1.0128416861478775,-1.1741206749244524,0.2672480909042766,0.5685330978687583,-1.0320626079066273,1
-0.1731882010335036,-0.41180602953323,0.36713518867180595,-0.43958518575806377,0.09607570434305064,0.014337697967783836,1
-1.303005078988825,-0.2040120333695179,0.13559122936715046,-0.7922711865153536,0.18499831487030255,-0.16307129392041864,1
-0.8661256069067167,0.13116239153347342,-0.23052860707099748,1.4005224776651435,0.3065746995757757,-0.4221641052432765,1
0.4712998932992131,-0.10225112659559532,-0.16897143087885308,-0.7941500574453586,0.7959878953403714,-0.9527392783830231,0
-0.8369324548151991,-1.702652085305111,1.1470019114284606,-0.4074564233668153,1.4983179188101639,-1.3044304758116714,0
-2.5143787109977893,-1.4210124635389607,1.1559392800276014,-0.4151419697731788,0.6607892078945086,-0.35832221751231685,0
-1.2000771148687928,1.4282906137381517,-1.5748643937378675,0.21452712085289838,0.5617258195437489,-1.1581402475415432,1
0.6245540455224453,-1.5944324379645165,1.0398047313836372,0.8694210135895347,1.5048797443160535,-1.347595339803393,0
-1.43287273511097,0.914829586739152,-1.0762427171909135,-0.5681156311061009,0.5602396935010308,-0.9900580186719317,1
0.07664890187437151,1.8672083229829017,-2.082164718260421,-0.7947238303775587,0.803624851980496,-1.5998433743500184,1
0.7282368331537583,-0.5832810792395401,0.5800538330358038,-2.255939498457608,-0.04214525282877396,0.24104467702937438,0
-1.1438008308968015,-0.10993591181407303,-0.23478291979107047,0.29669513566806444,1.0134614698688926,-1.2195959898233177,0
0.5209562683099942,-1.1254575617331604,0.6270069317012744,-1.5514602525265606,1.379720347355803,-1.3444217554086428,0
0.1318332028441092,1.2660577031526286,-0.6391692172631098,-0.8595581736818898,-1.748487333504698,1.7556243981424324,0
-1.4688218912816893,0.8573565238209735,-0.5270423088584758,0.132924055186507,-0.9044248496935814,0.8425622633996143,1
-0.592453889930549,-0.7705953111174104,0.9191940893609691,-1.2899334156756572,-0.5094130538438093,0.8804100743446513,0
1.0556915650026215,2.0632438219554308,-2.325544077614802,0.6550321305353255,0.9615372363546222,-1.8588903853361232,1
0.8469122180423199,1.4350840802857507,-0.8863468220969535,0.24443183224330714,-1.501526221928033,1.3950336528161162,1
-0.27914511253119834,2.107622122207384,-1.3034445391096243,0.41770234068605044,-2.200096351273993,2.0424793679441304,1
-0.2730227457759754,0.464695969009712,-0.2906621308422622,0.9904917239451755,-0.4753667509329693,0.4382968277695055,1
1.2858458392241119,0.5078088611630378,-0.31159271554213885,-0.16711115939577773,-0.5373861165166758,0.5011503632024757,1
0.8452918159978792,1.5559482580839572,-0.9558368066397605,0.06355604763569161,-1.6432994265207366,1.531490414291361,1
1.1999086737299607,-0.9959260733805178,1.5309744788508675,0.01995095562016491,-1.6764727662753969,2.398788368447745,0
0.31171596435960985,-1.4966339257225916,0.6977619397383308,-0.7410513723690458,2.2385295732403394,-2.2878972752555296,0
1.6837438413400596,-1.7213145516946284,1.8645293836184862,1.614658950185133,-0.5777405691570898,1.2728462164691696,0
-0.5876793462024393,-1.8463530782687647,1.8009340856894456,-1.0026165457117748,-0.028917135341542,0.633602209499187,0
1.284566053533697,-0.15283508702148296,0.7188977480085519,-0.6545758651759813,-1.693766640087672,2.1472422561075217,0
0.26150433606218704,-2.7465183510397564,1.6588409182435755,-1.7423846856814764,2.9849373705447437,-2.8076651772179533,1
-1.0926663036129547,-0.7344833892984168,0.6756789459215939,-0.2182566565817696,0.10941316166723433,0.10229124370037868,0
-0.7521332561837656,-0.49986848456949184,-0.01765178104559445,-0.3245178909872563,1.4918000504653757,-1.6857793860274572,0
-1.4456750703002956,-1.3750502920276386,1.3239991727073028,0.10853347423172223,0.029594847639898614,0.4085419077343705,0
0.8178505918529546,-1.032589869956483,0.5868098922471392,-0.20937184386589455,1.231616245307833,-1.1910597349315841,0
-0.9887780554718384,3.5795451688640822,-2.179818080938685,0.23639144685879962,-3.8373060293378605,3.593632097479423,1
-1.5070758822116932,2.4730520856843947,-2.763336681281312,0.7940094514719284,1.080942850878491,-2.139458619695036,1
-0.3949328303788099,-0.2771456632157726,-0.06025596218797433,0.22903487374342296,0.9769142823234894,-1.1201946979504376,0
-0.23478894631429678,0.2778719938289307,-0.16532220331111136,-0.49038237987212546,-0.30943422612515004,0.29327392247957096,1
0.20592545721663583,-1.3351198490938332,0.8121488823933988,0.3114358782865486,1.4339102024474026,-1.343655140949493,1
1.4464504574011554,3.7309414079333463,-2.287998613863934,-0.7453330803682456,-3.952155295421109,3.6868578267352468,1
-0.9115196178246695,0.2788370052617195,0.4541932273555096,-1.5500360326200981,-2.151087480093793,2.573880945592317,0
0.5429692440458065,-1.5645571952667434,1.3122238960140884,0.5850760439251593,0.6102447552052596,-0.24924701805698035,0
0.6367121527991919,1.9211409905902426,-2.087586736375552,-0.041278486387922315,0.6644159621878597,-1.4448923599973402,1
0.0028874105646923753,-1.003397484371205,0.9898076289130409,-2.996761604762725,-0.04864178493696303,0.3851104906643339,1
-0.7817992230365202,-0.8343494777019641,1.0153213182646486,0.7690273959022607,-0.6111579055052917,1.0270643186599149,0
-0.2093757072790705,-0.42755785647536415,0.7777039249668355,1.4733436471202586,-1.0772350089507376,1.4726032627289707,0
-0.6928982670024281,2.114863920207252,-2.3412063228654976,0.8694001766984644,0.8593830641045374,-1.7490835474441035,1
1.6898812752263495,-1.2520369322974592,0.9859604105975663,-0.3789877882091447,0.678751866308515,-0.43527794897443584,0
0.8581994279389127,2.63329767153316,-2.886587358761121,-0.3622559877193491,0.9853431924636689,-2.0729389877669835,1
-1.5048339601193865,-2.067112824509746,1.7016465087524026,-0.5264659224499768,0.9014855229334129,-0.4472429244163876,0
-0.45774659277223734,-1.005452697985649,0.27452887373432755,-0.13462064979666258,2.080399922062479,-2.251079139270531,0
-0.4806853755889943,1.2951727382402851,-1.4213326274977491,0.2746999568249692,0.4893276632351571,-1.0253747274610705,1
-0.3734208743036909,-1.5994271602684782,1.530363442487178,0.7856587794645187,0.06316326476252287,0.43961262321879047,0
-0.1660708804974079,0.5781154524753896,-0.6881304542798921,0.6153042125339241,0.3778180659673849,-0.6551088131795018,1
0.6519162877771204,0.44524552620675606,-0.5539945322157098,1.3592943679225946,0.3622775674073756,-0.5928427650122559,1
0.01017655291922074,0.3242711589921501,-0.425562031270977,-0.15139007589662046,0.3294121586154793,-0.5129709025121518,1
1.6198066892834437,2.537298326567477,-1.5613992405992243,0.9532628819797685,-2.671705022930662,2.487459986720857,1
0.4276410383578448,0.7390013749543956,-0.4432003185574013,0.7451406218303778,-0.8124768533581395,0.7670025452954303,0
-0.60009821039952,-1.4332786902012649,0.7396388878245748,0.15215679333482765,1.9317927743767078,-1.928510757793497,0
1.2793205054997814,-1.5012179120738103,0.9629246800667437,-0.8602168990603795,1.4646611272905932,-1.3279636550213203,0
0.37664711044013555,4.19168604448305,-4.537537137391955,-0.10291825549878102,1.3982838565298248,-3.088927578329564,1
1.2860207567775086,1.019724223722311,-1.1686301137839477,1.6479446334165904,0.5324170257118153,-0.9895605640256687,1
0.8416144443462651,1.0292238497201893,-1.1582388582059535,0.44428556247928264,0.4742184013293425,-0.9205562229883175,1
-1.507499527216914,-0.1862376781285362,0.11187057993637656,-1.2035636099681162,0.2042245849866488,-0.19263810875657006,1
0.7073605400310748,1.569501353951762,-0.9454084219781884,-0.12427414455758211,-1.713280500671714,1.6137751445110848,1
0.8027636900891059,0.2852579146873495,-0.18378938232632436,-0.25719258408727413,-0.27588734896946554,0.24933421792517196,1
-0.8138258149486454,-2.1787376789380475,1.6524692667348666,-0.28229630048913434,1.368887035396193,-0.9899873729209892,0
0.8650573861560134,-1.6901847077851508,1.8676505807261925,-0.24397998826896833,-0.6766455487505361,1.3852629371381822,0
0.9404528004806799,3.128490949363772,-1.9116069210756503,0.1756416253160447,-3.3345816081805713,3.1170355755156507,1
0.5000229613119415,1.4610880718939478,-0.8908423575129321,1.7878982507005232,-1.5630626232679692,1.4628283227261907,1
-0.15117758104232368,0.19766111784616625,-0.1148370137386506,0.5753254857955392,-0.22831404827059926,0.21877479580960435,1
1.9939662968429945,0.5167369518263436,-0.32451532845535536,0.9833202317009447,-0.5247376602370806,0.48259441157942673,1
0.2137219341700014,-0.3136602568989202,0.19647762292608045,-0.5333421021093551,0.3200119960368739,-0.29478762219789156,1
-0.4496731483918322,-2.914498874082129,3.263622116626614,-0.6388247795057341,-1.2947373088596839,2.547172576003102,0
0.26448360406258725,-1.1185376324494472,1.0217868204068212,-1.3720743291855664,0.1879899636265865,0.12931652823977924,0
0.4248010428031259,-1.1595659102135611,0.6499808339072163,0.9135054835995078,1.4097454487124703,-1.3705652126263164,0
-0.5284758960162087,-0.7321456918027944,1.165118363479841,0.922512320439406,-1.350095179150724,1.9091607410147107,0
0.7459047874847915,-0.1882063351329497,0.1439221377088192,-1.199818146060459,0.11475654587544608,-0.08119300649105687,1
0.2091608264966229,0.5366001757809433,-0.32965501814056863,0.34465083200084634,-0.5666792959130889,0.528108801455609,1
1.5438765972547668,2.1282167211784038,-2.305588924558347,-1.8527593302644443,0.7152115539800925,-1.5748478280793146,1
0.550138016234395,-0.48737371704289734,0.3009284972896722,-1.6252234989202576,0.5101957598752206,-0.47409085674178786,1
-2.4149686935396932,0.7835626156436203,-0.9107754405329338,2.26727390426691,0.4470841967287714,-0.807413087708152,1
-1.9446057799801704,1.215902828784077,-0.7405361345070038,-0.7495105312683328,-1.3031809842176987,1.2203432530057006,1
1.94295564292356,1.3868769357928714,-1.5088273408076558,-1.7060410636932102,0.4849650712265291,-1.049662356689896,1
-0.73513912826514,0.7450301916867953,-0.45965460207744624,-0.7956810808045762,-0.7809968725767982,0.7260621129761895,1
0.05152758336580002,0.3363010472612532,-0.19224194441115983,-0.0429269175745559,-0.39778022540587193,0.3837745852599771,1
-1.794632567261103,-0.14237712883772502,-0.7435180414020497,-0.7348058747212511,2.6169293413754153,-3.1950153396759657,0
-1.4745636660271912,-0.8766217729237579,0.8622421048380879,-0.7711032411311424,-0.03505514141931956,0.32723743027714414,0
-0.16697383889268816,-2.9641630935724477,2.4384643436709195,0.07909309473257273,1.297545758019862,-0.6473352881199741,0
-0.522741852909051,-1.832318876979106,1.1650052426220954,-0.5179123826899711,1.8182639200014141,-1.6587073385603566,0
-0.10364898021773093,2.2962078039688447,-2.5304580640958965,-0.4285946531299669,0.8989368443662598,-1.8567847193560412,1
1.0917086302169383,2.5375875317155545,-2.789158659388865,0.47416085312653256,0.9717546487827934,-2.0251215748556106,1
2.0793766512365606,-0.10933723225061076,-0.40751574869356666,-0.5124936334423107,1.5244511265616842,-1.8526593651295962,0
-0.5529905128097972,-1.2955644563507753,1.1778851191511888,0.17244020204609486,0.23441250244271972,0.12913681875309369,0
-0.3028474121346412,-1.9747416704939462,1.3006905477050819,0.7999706684814757,1.8256326002505148,-1.6217218039474832,0
-0.6574168963717284,0.38558693354906803,-0.22652476264585006,-0.8679914774692424,-0.43794242747684603,0.41755903441992426,1
1.0102051837970971,1.6287081912610788,-1.8533215071312652,-0.4427352374938638,0.8111391280787292,-1.531931509929188,1
0.1527102593317842,1.3061829414027604,-0.7939236410060039,-0.27030833581805286,-1.4046814203904274,1.316823598121018,1
0.4539145844076185,2.377682117313098,-2.5936493127601272,2.0687108811461163,0.8518932268886823,-1.8248990621685695,1
-0.7894150106843699,2.7000848195106335,-1.6531969582080954,-1.8356857252517118,-2.8679815301753346,2.677846978785604,1
0.6068399112654835,-0.4431934304738451,0.8009361333936544,0.13307492447485397,-1.1011702315169565,1.5073097303884333,0
-0.578089148759065,-0.9824534963710367,0.3205024184716454,0.2236902849466473,1.8777113526067504,-2.007492212425388,0
0.03593418000341157,-0.2760437402703556,0.02224234728604879,0.741614046538866,0.728865911503696,-0.8133392593098976,0
-0.5542106208413963,1.7946251677606475,-1.095526681111029,0.4027438375738607,-1.915951816057973,1.7918994620630804,1
0.9171239278462597,-0.7573785924787024,0.5228426311596032,-1.413960547641004,0.6289972914868842,-0.5338099961286948,0
-0.7193488191516558,1.6150084603500523,-1.7995621427819364,-1.1453554337654894,0.6910173937654998,-1.378723142765328,1
0.436471659807916,-1.5244828289968662,1.1908693823933174,0.9435375655473877,0.8550579951292346,-0.565427206620391,0
-0.07672839496727196,-2.991385983462628,2.3054835668644147,0.2518290463107146,1.7706556265587854,-1.224476188886274,0
-0.14002955219312177,0.929689292662282,-1.0742706009657552,-1.3526775220421998,0.5115964352725197,-0.9346235801135013,1
-2.4131383417363272,-1.3384661005155007,1.4737457408858026,-0.7127046039164141,-0.5202365236885755,1.0776728401962372,0
1.162660406749339,0.4681248940458569,-0.2771886892931168,-0.9380593536935061,-0.5252330673955526,0.4989469525426993,1
-0.07424105148695632,-3.310134965180401,2.360540536583871,-0.6988224523750899,2.5250922937289615,-2.055658732539012,0
-0.09725292005031594,-0.6016566822520568,0.7856751368741092,1.0200116560844064,-0.59956614923027,0.9373695248400071,0
0.4092616610451587,2.1968886812314246,-2.438127109505012,-0.6961141225146247,0.9108719743799089,-1.839410349646394,1
0.7168814293888305,-0.2176327419961197,0.100478365663491,0.34828060843862363,0.3284437002515919,-0.3363209556051162,0
2.415256779380845,-1.3871644681029158,0.832555463602646,-0.4279433403304046,1.5232044529574738,-1.4373972972385953,1
-1.0644030565082547,-3.1484611690871063,2.7440897181414354,-0.32824449276059225,0.9210731570625835,-0.12139785041591189,0
-0.49502565494641587,-1.1240151887164536,0.6809423733269983,0.3375147133185462,1.2154732567189324,-1.1414658805680116,1
2.0412975203885506,-2.5143385092629793,1.883849853273691,0.46375426826987254,1.6484778055834346,-1.2276089772541199,0
-0.8888065437171266,-0.32868479597688527,0.28147372757317124,-0.590677952435978,0.11098679522702783,-0.03104184261371401,1
0.19578299356298853,2.7186955641790695,-2.9767698242223135,-1.5070402551035982,1.007117943897778,-2.1275563974917864,1
0.3215059284045003,2.2059326486450224,-2.4246472692853014,-0.3067098110738141,0.8448177696050071,-1.760529209070832,1
0.8205599751828531,-0.45727775219760347,0.6845569246816674,-0.3378536925278026,-0.7151713059032652,1.033803409403971,0
-0.725013762237037,-0.5919136257984546,0.5821280407752973,-0.006171960493082105,-0.023444008958797946,0.22067779451164726,0
-0.19320397028540165,-1.2373690761453506,0.7411733296259796,0.20199778833634963,1.3631031477749378,-1.2876078324102482,0
-0.6724641467847848,-0.8043572283415686,0.3826406543353449,-1.562627547294411,1.1804294717481447,-1.201558182154477,0
-0.4929852568511962,-2.504763108510807,2.3346173625425615,-0.0960824565097335,0.28291575920746936,0.4605630787129502,0
-0.8412910231158969,-1.1520358034691902,0.4596938224332413,1.8655954984261842,1.9528807295462716,-2.04568566638584,0
1.1348757695968974,2.1750008012889426,-2.384169635730479,-0.508924537162201,0.8137405331468934,-1.712024807922602,1
-0.09595827005433091,2.655737674411567,-2.9303633325643887,0.630971561952857,1.050663557751004,-2.1611047198822,1
0.4563058707917697,-0.8215653363732172,0.916733630185885,-2.9537555493190912,-0.3553381589760271,0.7060880499046296,0
-0.29270937803343555,-0.2165451554110327,-0.4053320462276247,1.5849359756314727,1.8266818479307307,-2.1922669829947794,0
-0.6771006703271639,-0.7249483559176805,0.22735873929401706,0.148227435905616,1.4126812191793026,-1.5149159520065727,0
-0.7684698404211073,-1.285000031528188,1.0698768080167989,1.4589994667328063,0.5245868035870161,-0.23366949056699005,0
-0.1565522624422006,-0.2927340807754496,0.7120656858088399,-0.42217814689731664,-1.270638752115885,1.668485686321324,0
0.5178361568743584,1.38517167053242,-1.5077258006621568,-0.7253153530750016,0.48660585568288145,-1.051142388381327,0
0.5173757728114553,0.31673578267412084,-0.1995467137809076,1.433878293754361,-0.31975836332952223,0.2934777405428126,1
-1.0352497093576072,0.20982634785467047,-0.3220316993322486,0.7085275332028773,0.3516602232509155,-0.5034720852024658,1
0.020505118896650996,-1.9888581239872076,1.6957738010815178,-1.1104925588953851,0.6935774468646784,-0.2150814445229996,0
0.4924855003539733,0.38080719087501436,-0.18287884902458315,0.07127987089431422,-0.5537306595275913,0.5625122878646318,0
0.16704868848906673,-0.6465833673776283,0.3583744072731241,1.5412878824408398,0.7981371349888282,-0.7791644386629535,0
2.0752273297070216,-0.5789235040355567,0.3409496335345309,0.7062456161057029,0.6550269897488312,-0.6238260621489586,1
1.9156788821223303,-0.8122670910582269,0.09738287900469933,-1.660404840782051,2.049921818760571,-2.275878566953631,0
-0.8120165317339593,-0.8766254788927368,0.8327065774845125,1.5463387219479314,0.05262425249224689,0.2186461817372387,1
1.320966314357683,-1.4467455375914446,0.6356921077440649,0.2680117840883157,2.279111129400816,-2.354310439651747,0
-0.5156217279751633,-3.177178553267346,3.0370579560155986,-0.2375643932857574,0.13416489990735314,0.8624993950119135,0
0.3659589834482303,1.7801677113100551,-1.0900689289693284,-0.5025018078206891,-1.8905205424040012,1.7650832335226934,1
0.3615065166711153,-2.030106548792471,1.063441602682473,2.181731186753019,2.6892728471903733,-2.6734299026597492,0
-0.34682333476478205,-1.2003175101436574,1.0269238783755026,-1.0658162902078807,0.4082326160985925,-0.11698020287759192,0
0.9058446563649329,0.6389900761813148,-0.378017942495217,0.36594114670423616,-0.7179648853890095,0.6823281741724172,1
-0.6458328905850751,1.2586272727210055,-1.418597288844978,-2.066901899582242,0.5864436515750355,-1.1338223529644273,1
-1.9798752701229811,-0.9473472256143047,1.0283390648258555,-2.2994714701581507,-0.32441310317951366,0.7085108328835439,0
-0.12474972426163422,-1.8699732739165933,2.049157922599311,-1.7299502125675141,-0.6976906862465666,1.4695372741022759,0
2.5511381209399016,2.063709769258558,-2.239320347930896,0.9440898470276863,0.704262235471033,-1.5404016977081825,1
1.804312096409802,0.9383604721319143,-0.5603070746749562,0.09639631454873349,-1.0389431937006446,0.9829391734819958,1
-1.6165354033497437,-1.5874300200856708,1.45889185613069,0.8121538529019011,0.24076196354961416,0.21576928212226942,0
0.5611641980874248,-0.8991226751255801,0.28921945591837717,-1.0110747500841566,1.7306101397431994,-1.852284565480185,0
0.4121461066519252,0.8775062239222349,-1.0145168799873785,-0.05674652003068351,0.48449735576147074,-0.8841657552238131,1
3.3106800582477436,-0.08108726669451571,-0.0009288904211522259,-1.4168674160854964,0.23625346149289678,-0.26635063992809194,1
-1.453980807327012,0.21809179666278145,-0.12556510169599328,-1.611942488438987,-0.25530196574693664,0.24558502357407863,1
0.39217284428871707,2.08457938972233,-2.289852823099137,0.5787609930063825,0.7941595842225864,-1.6584980119449308,1
0.7988103091840112,-0.7326640532030211,0.6824487901945628,-1.7215295165978792,0.08407969415043198,0.13307814148943908,0
1.3144749274102427,-2.199589798474521,2.058409509362104,-0.39099832458393435,0.22400147026149897,0.43472445881395205,0
-0.3060691197309398,0.5433483983559078,-0.9236626492234118,-0.5591331870280085,1.1770497434951634,-1.6337146745099937,0
-1.0421587327956858,-2.5681889469382657,1.5654142366406076,-0.2265238257290055,2.7487391625904385,-2.5728667458592698,1
-0.484130341153043,-0.9141468579042021,0.7965437183685468,0.7653969495379638,0.2680098848887596,-0.03596447856516605,0
-1.6893877595002986,-0.42254882746748845,0.8157671358390736,-0.693947037170705,-1.2046398359259658,1.6287745909169695,0
0.0972856085442215,2.2357393331094855,-1.365053994669396,2.178748510352689,-2.3861465084481717,2.2314256109400974,1
-0.8600960913932836,-0.8552145878961638,0.6098171275590496,1.3713204719910048,0.6525609434269961,-0.5313179396829899,0
-0.5686951372765738,-1.9184336332113308,1.555652952224686,-0.38453333453887567,0.9066985508933452,-0.5018367365438553,0
0.0020270923314550673,-0.3522343600803455,-0.021959978180575213,-0.25423341256580123,1.079465363255429,-1.2228947609391754,0
-0.2998337452003345,-0.4248337429985407,0.2593464659053505,-0.9071831801201446,0.4535333759295493,-0.42416188010484923,1
-0.49985877906303144,2.4135954868614666,-2.6521465639395974,1.4712323029287684,0.922112497109353,-1.9234944017919833,1
-0.9420346118619211,0.5485447132961528,-0.7133087206308885,-0.7334250664653087,0.5377043137763889,-0.8435566773938079,1
-1.5761475819611213,-0.6720080553916294,0.7157651942783079,1.1804881350168075,-0.18947466279953573,0.4522415533221358,0
-1.1648113258867563,1.2530174138958965,-1.4446003080543068,-1.7024456812640112,0.6797809884561082,-1.247605975699678,1
-1.6354064332773162,-1.0836957519232402,0.9461988688798718,-0.5283529868133336,0.312024068720989,-0.03558250414271735,0
-0.014181508717577354,-0.08040883593542336,-0.17631660094806423,0.9983585209007867,0.754893811993732,-0.9089153528540853,0
1.0249961361846132,-1.812806079066538,1.8727082453178199,-1.1642601866191942,-0.3385613854759723,1.006240573156832,0
-1.4767440814600654,1.8785440384325114,-2.0704868165013277,-0.12185212024437278,0.7363200005742965,-1.5201552781927337,1
-1.1828783954733642,-0.16346610014870966,0.10206948041794453,1.0643108841783024,0.16774435946668892,-0.15482939846738408,1
0.5830536763685569,-0.670318784023976,0.23411809594764937,0.5115273252763909,1.2353082245797322,-1.312923667129296,0
-1.6161756018887317,-1.4409912239141853,1.6510311730213045,-0.06482199198548609,-0.7512353181944831,1.3969630808562943,0
-0.07348654733880948,0.18323923691830923,-0.11924177640459083,1.127393918897941,-0.17371084281446836,0.15581710615365307,1
-1.5077323778065799,-1.433937232126147,1.6431873800257137,-1.10993297559804,-0.7482654559193312,1.3910010065943288,0
0.21819577256591932,-1.222732873114449,0.30136675151243875,-0.041930427981571185,2.626411494120117,-2.856975822930444,0
1.4694790519468832,-0.7960638031221227,0.9211905934615727,-0.8039877698800182,-0.4420009192732999,0.8051648300356149,0
1.013292871774317,0.06514556518234516,-0.4751242471192401,1.7577308234162827,1.2226947545784652,-1.5354206082726458,0
0.6429542438251072,-2.2737619493210337,1.197202892203773,-0.9317137468665752,2.993858639755204,-2.971777153254012,0
-1.298238354467522,-2.857552277897899,2.4532834790871663,0.24103720692640693,0.9465658360738818,-0.24715761717503715,0
0.8166671297679959,-0.05423274763032204,0.5424304127458854,0.06582241046574615,-1.4539002359747413,1.8182393945607662,0
-1.9396296949669973,1.1240548954050371,-1.2832664328741312,-0.627642287282944,0.5722586180597331,-1.0726838746029037,1
-0.14639464210000389,-1.4066728283399876,1.7135495243363696,0.5733429085084808,-1.035627336943394,1.7380763659082574,0
1.2860283523332023,0.1115792648189613,-0.060804387918581254,0.7882924011192128,-0.14081765851801079,0.1382794477134992,1
0.29161350399694896,-1.4856090673961255,1.0157406570866279,-0.8871972678804493,1.2629435671442204,-1.0831865877779867,0
-1.9207477271003446,-0.9823813124418435,0.48988175956489455,-0.44728371789815247,1.374743877041659,-1.3845816507598472,0
-0.36322451814885326,0.9275578672050968,-0.3817955554633586,-0.1208382756290028,-1.5377025316438195,1.6041587794356267,0
0.29000832207095006,-0.8576986684181315,1.0061016135071972,0.6242756806497425,-0.5165559713740648,0.917457877123945,0
0.7932018472522254,-0.7811018284089865,0.8459790642482328,-0.67177489086531,-0.26183859079886496,0.5771864741541279,0
1.2372789719930113,1.2623586742266428,-0.7645957456390814,-0.05916747073046554,-1.3655388892035722,1.282533738048951,1
-0.20251138230618648,-2.23387451781723,1.8436035892549263,-0.6675082529730677,0.9603235416994593,-0.4661229294514695,0
0.4182664107878549,0.7350948472603156,-0.44466183342216925,0.7710179933494973,-0.7968896056072341,0.7489622728947862,1
-2.699605524525161,0.6634739635501207,-0.40740330526222623,0.12177754156306429,-0.7012449033593058,0.6536931167754938,1
0.6330827101716543,-1.685425561246546,1.663925772193653,-0.1591265651859938,-0.08564440745355822,0.6517569308480398,1
-0.5686120029765696,-1.4196190842003495,1.0447062255399333,-1.6435428113896149,0.9869439895283547,-0.7627216951908944,0
0.6545867855963978,0.8929035165751208,-0.5421880706402243,0.36613591414305585,-0.9618284743644319,0.9021487108167531,1
0.5346819563222973,0.6219285966494392,-0.383576458109204,-1.8451945642949812,-0.6523361536493323,0.6065697936020188,1
-0.9289489458270888,2.112326899919194,-1.2864313991819771,0.9800308385879186,-2.2641432689961984,2.1202793343130466,1
