zip code,job title
45969,Insurance broker
73873,Public affairs consultant
21361,"Presenter, broadcasting"
91032,"Teacher, English as a foreign language"
28589,"Engineer, production"
45180,"Accountant, chartered management"
96946,Dispensing optician
15044,"Therapist, drama"
80275,Production manager
07974,Publishing copy
82677,Field seismologist
18623,Meteorologist
66053,Pensions consultant
32352,Psychiatric nurse
97814,"Engineer, electrical"
54863,Electronics engineer
61336,Leisure centre manager
37364,Housing manager/officer
25041,"Psychotherapist, child"
27547,Lexicographer
45599,Sports therapist
38393,TEFL teacher
45910,Nutritional therapist
72171,"Accountant, chartered management"
46701,"Accountant, chartered certified"
83296,Counselling psychologist
06056,Best boy
82077,Comptroller
80598,"Scientist, marine"
49879,Building control surveyor
57269,Best boy
79598,Television camera operator
98178,Psychotherapist
53532,Sales promotion account executive
03034,Futures trader
78990,Lobbyist
97650,Equities trader
59644,Retail buyer
54847,"Administrator, education"
47979,Planning and development surveyor
04374,Environmental manager
53670,Insurance underwriter
84744,"Engineer, civil (contracting)"
53472,"Engineer, maintenance (IT)"
75939,Travel agency manager
04662,Special effects artist
50517,Structural engineer
74356,"Production assistant, television"
06622,Analytical chemist
39096,Ergonomist
31194,Ship broker
65149,"Scientist, marine"
10354,Ship broker
15713,Engineering geologist
62365,Special educational needs teacher
07092,"Conservator, furniture"
56775,Arboriculturist
02547,Colour technologist
45443,Environmental consultant
56325,Geophysicist/field seismologist
46382,Fashion designer
96090,Theatre stage manager
77491,Travel agency manager
72089,Research scientist (life sciences)
28709,Special effects artist
87661,Financial trader
69975,Textile designer
73339,"Buyer, industrial"
36805,Exhibition designer
86221,Exhibition designer
86169,Homeopath
82114,"Scientist, biomedical"
08333,"Conservation officer, nature"
11776,"Engineer, building services"
58879,Air traffic controller
66525,"Scientist, clinical (histocompatibility and immunogenetics)"
67074,Hydrographic surveyor
67367,Agricultural engineer
51806,"Scientist, audiological"
42789,"Scientist, forensic"
26754,Computer games developer
96734,Land/geomatics surveyor
29302,Jewellery designer
23219,Occupational therapist
43544,Production manager
29425,Public librarian
80763,Estate agent
06280,Information officer
74540,Best boy
90058,Armed forces technical officer
34212,Bookseller
72200,"Nurse, mental health"
89390,Minerals surveyor
65758,IT sales professional
42457,Early years teacher
83526,Careers information officer
32949,"Therapist, speech and language"
82272,Environmental manager
74889,"Administrator, charities/voluntary organisations"
93654,"Nurse, adult"
59538,Accounting technician
15487,Oncologist
06342,Adult guidance worker
11331,Licensed conveyancer
51006,Community education officer
63584,Structural engineer
25498,Product designer
64540,"Scientist, research (medical)"
21189,"Surveyor, mining"
03124,Land
51028,Investment analyst
22193,"Scientist, audiological"
02833,Visual merchandiser
48653,Engineering geologist
47384,"Pilot, airline"
97069,Estate agent
96010,Database administrator
11042,Manufacturing systems engineer
44498,"Research officer, trade union"
85404,Television production assistant
90491,"Teacher, music"
71441,Print production planner
49387,"Teacher, secondary school"
96910,Customer service manager
78329,"Scientist, biomedical"
71405,"Engineer, petroleum"
21691,Occupational hygienist
36254,"Therapist, occupational"
81819,Operational investment banker
59469,Facilities manager
36939,Air broker
60876,Early years teacher
49156,Commercial art gallery manager
15031,Adult nurse
49464,Radio producer
81008,Advertising account planner
15411,Regulatory affairs officer
60899,Electrical engineer
69567,Clinical embryologist
87083,Mining engineer
06783,"Buyer, industrial"
81218,Pensions consultant
54452,Garment/textile technologist
38690,Theme park manager
92354,Actuary
17066,Nutritional therapist
44434,Dramatherapist
08874,Chartered legal executive (England and Wales)
40807,Conference centre manager
33713,Farm manager
01861,"Psychologist, sport and exercise"
86917,"Biochemist, clinical"
84550,Database administrator
31260,Firefighter
47872,Ranger/warden
66683,"Psychologist, occupational"
54130,"Designer, blown glass/stained glass"
14791,Museum/gallery curator
30410,Insurance risk surveyor
92579,"Doctor, general practice"
45403,Social worker
15293,Call centre manager
09259,Television/film/video producer
01553,Heritage manager
78148,Armed forces training and education officer
42551,Special educational needs teacher
30952,Geochemist
24172,Radio producer
98785,Child psychotherapist
91242,Audiological scientist
50940,"Surveyor, hydrographic"
18400,Chief Technology Officer
69343,"Civil engineer, contracting"
00771,Secondary school teacher
78716,Tourist information centre manager
73207,Teaching laboratory technician
65278,Environmental education officer
55852,Plant breeder/geneticist
20046,Waste management officer
62153,"Accountant, chartered certified"
63937,Podiatrist
71133,Ergonomist
58646,Translator
15669,Historic buildings inspector/conservation officer
70794,Aeronautical engineer
50486,Financial planner
94333,Music tutor
75416,Chief Executive Officer
42995,"Teacher, special educational needs"
66955,"Therapist, drama"
80711,"Editor, commissioning"
23681,"Scientist, product/process development"
09773,Camera operator
54875,Equities trader
77087,Interior and spatial designer
50872,Tax adviser
68467,Contracting civil engineer
32161,Retail banker
81673,"Administrator, Civil Service"
19951,"Journalist, newspaper"
75774,"Research officer, political party"
03226,Operational researcher
21349,Fast food restaurant manager
67290,Rural practice surveyor
38097,Garment/textile technologist
14648,Office manager
35273,Administrator
55258,Geoscientist
52226,Sales executive
06501,Lexicographer
25573,Estate manager/land agent
34008,"Engineer, manufacturing systems"
89275,Health and safety adviser
22774,"Surveyor, insurance"
92538,Furniture conservator/restorer
82867,"Therapist, speech and language"
77215,Farm manager
43947,"Nurse, children's"
91410,Housing manager/officer
44801,Investment analyst
04820,Archivist
50257,IT technical support officer
16517,Medical secretary
00606,Art therapist
98279,"Exhibitions officer, museum/gallery"
28468,Tree surgeon
23821,Leisure centre manager
17179,"Accountant, chartered public finance"
82925,Careers adviser
94744,"Nurse, children's"
19811,Pathologist
43044,Geoscientist
16556,Geochemist
19631,Corporate investment banker
34360,Geochemist
62827,Risk analyst
03226,"Scientist, audiological"
85200,Restaurant manager
26547,Video editor
53530,"Engineer, maintenance"
13180,Museum/gallery exhibitions officer
10603,Television production assistant
91306,Fisheries officer
09170,Environmental education officer
91961,"Engineer, electronics"
19438,"Psychologist, educational"
61263,Pharmacologist
45163,Rural practice surveyor
37953,Osteopath
84434,"Nurse, adult"
34769,IT trainer
64250,Video editor
39408,"Administrator, Civil Service"
81609,Pensions consultant
98768,"Engineer, civil (consulting)"
74935,Health service manager
74179,"Surveyor, hydrographic"
10853,Exercise physiologist
45976,"Lecturer, further education"
83769,Higher education lecturer
05816,"Designer, blown glass/stained glass"
22887,Research scientist (life sciences)
79860,Academic librarian
56803,"Programmer, multimedia"
48272,Clinical embryologist
15836,Sales executive
55012,Tax adviser
37386,"Journalist, broadcasting"
12160,Chief Executive Officer
22121,Health physicist
68609,Telecommunications researcher
90072,Clinical research associate
99947,Financial controller
58788,"Administrator, Civil Service"
25188,Energy manager
09249,Teaching laboratory technician
51127,Race relations officer
20338,Copy
69235,Systems developer
87195,Financial controller
92602,Industrial/product designer
46134,Biomedical scientist
43248,Occupational psychologist
66507,Optometrist
83283,"Conservation officer, historic buildings"
67270,Warden/ranger
81252,Civil Service fast streamer
61868,"Scientist, marine"
94138,Community education officer
26714,Chartered legal executive (England and Wales)
64454,Corporate investment banker
09038,Politician's assistant
34603,Immigration officer
94299,Land/geomatics surveyor
47955,Historic buildings inspector/conservation officer
47762,Environmental education officer
50916,"Horticulturist, commercial"
92288,Armed forces logistics/support/administrative officer
11490,"Engineer, broadcasting (operations)"
68942,Clinical cytogeneticist
04984,Community pharmacist
81820,Materials engineer
51370,Building services engineer
98848,"Psychologist, occupational"
07441,Public affairs consultant
56375,Architectural technologist
26816,Product manager
90913,Art gallery manager
25876,"Therapist, occupational"
28840,Print production planner
53010,Rural practice surveyor
45199,Careers information officer
78624,Barista
01576,"Buyer, retail"
79345,Clinical psychologist
10009,Chief Marketing Officer
36181,"Psychologist, prison and probation services"
65123,Chief Marketing Officer
95918,Water quality scientist
34230,"Teacher, special educational needs"
71482,Homeopath
98120,Health and safety adviser
79240,Microbiologist
58733,Adult guidance worker
41770,"Therapist, music"
32031,Sales executive
63144,"Psychologist, counselling"
53868,"Surveyor, commercial/residential"
75253,Quantity surveyor
56473,Public relations officer
07339,Museum/gallery conservator
58676,"Engineer, control and instrumentation"
30680,Petroleum engineer
41684,Ecologist
01769,Psychotherapist
33375,Computer games developer
45941,"Runner, broadcasting/film/video"
85757,"Engineer, manufacturing systems"
60644,"Civil engineer, consulting"
44300,"Teacher, music"
30176,Dancer
14673,Recruitment consultant
65537,Ambulance person
83463,Field trials officer
97857,Advertising copywriter
93339,"Conservation officer, nature"
49210,Engineering geologist
87638,"Editor, film/video"
57632,"Buyer, retail"
63306,"Production assistant, television"
38526,Rural practice surveyor
39228,Financial manager
18858,Manufacturing systems engineer
36697,IT consultant
13576,Call centre manager
97984,Pensions consultant
53861,Museum/gallery exhibitions officer
72880,Museum/gallery conservator
56688,Broadcast presenter
78800,"Geneticist, molecular"
53344,Rural practice surveyor
31186,Risk analyst
33704,Advertising art director
89714,"Designer, television/film set"
27500,"Production assistant, radio"
25146,Health and safety adviser
84647,"Scientist, marine"
48735,"Engineer, mining"
98493,Sports administrator
14951,Minerals surveyor
53623,Armed forces operational officer
81090,Retail manager
57159,"Journalist, magazine"
55261,Information systems manager
13929,Museum/gallery conservator
19318,Holiday representative
86403,"Psychologist, sport and exercise"
56689,Technical author
70481,Corporate investment banker
29260,Exercise physiologist
94011,Tour manager
26649,Graphic designer
13037,Water quality scientist
34194,"Scientist, physiological"
20867,"Editor, commissioning"
27443,Futures trader
39183,"Scientist, product/process development"
99037,Astronomer
29444,"Programmer, multimedia"
44873,Medical laboratory scientific officer
60198,"Social research officer, government"
62948,Energy manager
84250,"Doctor, hospital"
25071,"Therapist, art"
57089,Air broker
86072,Nutritional therapist
37485,Quantity surveyor
44547,"Engineer, communications"
53896,Equality and diversity officer
71194,"Therapist, music"
59385,Chartered public finance accountant
80486,Careers information officer
33218,Acupuncturist
33467,"Engineer, production"
44665,Herpetologist
04357,Higher education careers adviser
73252,Bonds trader
11807,Neurosurgeon
85363,Bonds trader
20115,Travel agency manager
41526,"Geologist, wellsite"
10043,Retail manager
19306,Corporate investment banker
79751,Pathologist
54562,"Engineer, structural"
62335,Mechanical engineer
05933,Museum/gallery conservator
13878,"Scientist, product/process development"
91826,Geographical information systems officer
78483,"Engineer, communications"
26494,Community development worker
76077,Product manager
49123,"Education officer, community"
64738,"Exhibitions officer, museum/gallery"
29758,"Research officer, political party"
72688,Physiotherapist
83332,Advertising copywriter
84052,Data processing manager
68218,Technical sales engineer
06622,Press sub
95993,Fine artist
98560,Proofreader
05525,Musician
15334,Firefighter
29401,Textile designer
16341,Further education lecturer
22296,"Engineer, land"
60519,Financial risk analyst
26727,Building surveyor
29012,Media buyer
28614,Recruitment consultant
77458,Ophthalmologist
13002,Chemical engineer
31487,Environmental health practitioner
11922,"Engineer, biomedical"
16118,Oncologist
28573,"Psychotherapist, dance movement"
20584,Multimedia programmer
08269,Pension scheme manager
35133,Dietitian
55233,Commercial/residential surveyor
02701,"Sound technician, broadcasting/film/video"
11370,Mining engineer
53907,Chief Operating Officer
90007,Conference centre manager
61566,English as a foreign language teacher
05796,Tree surgeon
71064,"Secretary, company"
08577,"Surveyor, mining"
26766,Public relations officer
20356,Applications developer
66716,Police officer
18836,"Investment banker, corporate"
20640,Mechanical engineer
70938,Television camera operator
75696,"Solicitor, Scotland"
26211,"Nurse, children's"
69758,"Administrator, charities/voluntary organisations"
25701,Quantity surveyor
80152,Environmental manager
78024,Call centre manager
46899,Chief Financial Officer
15868,Lexicographer
15790,Curator
50501,Architectural technologist
54380,Armed forces operational officer
47704,"Designer, furniture"
48194,Careers adviser
33213,Therapeutic radiographer
76056,Stage manager
60849,Health visitor
49095,"Engineer, electronics"
97223,"Psychologist, clinical"
40500,Retail buyer
33084,Web designer
84759,Senior tax professional/tax inspector
81231,Town planner
23295,Media planner
03371,Training and development officer
72259,Outdoor activities/education manager
66747,"Development worker, community"
02083,Associate Professor
45882,Chief Strategy Officer
96867,"Production designer, theatre/television/film"
89638,Data scientist
38906,Customer service manager
12226,Clinical biochemist
60150,"Sound technician, broadcasting/film/video"
29803,Barrister
02166,"Engineer, drilling"
34143,"Teacher, adult education"
33369,"Surveyor, planning and development"
87348,"Scientist, water quality"
19118,Careers adviser
98143,Comptroller
58412,"Administrator, charities/voluntary organisations"
81596,Advertising account executive
59889,Building control surveyor
37465,Financial trader
04215,Television floor manager
40613,Primary school teacher
24156,Gaffer
95998,Writer
31268,Contractor
07629,Press photographer
83987,Glass blower/designer
64810,"Engineer, chemical"
75451,"Therapist, sports"
32741,Tree surgeon
99831,"Scientist, marine"
62235,Graphic designer
17196,"Journalist, magazine"
17860,"Therapist, horticultural"
34674,Newspaper journalist
54566,Archaeologist
91033,Claims inspector/assessor
23181,Equality and diversity officer
86404,Toxicologist
53508,Clinical biochemist
71569,Scientific laboratory technician
27056,Fitness centre manager
54829,Equities trader
06994,Armed forces training and education officer
79700,Financial planner
22107,"Therapist, nutritional"
90317,Camera operator
59650,"Psychologist, clinical"
63621,Media planner
15249,Mechanical engineer
32529,Dramatherapist
43955,Camera operator
37864,"Journalist, broadcasting"
14065,"Journalist, broadcasting"
14871,Heritage manager
53783,Travel agency manager
87224,Health and safety adviser
30940,Counselling psychologist
10323,Forensic scientist
57773,"Scientist, clinical (histocompatibility and immunogenetics)"
48903,Building surveyor
17738,Interpreter
97488,Telecommunications researcher
80453,"Journalist, broadcasting"
48819,Actuary
45801,Chartered management accountant
82239,"Investment banker, operational"
47630,Chief Executive Officer
73407,Radiation protection practitioner
13195,Personal assistant
75463,"Scientist, audiological"
21329,"Programmer, multimedia"
84414,IT sales professional
79152,"Conservator, furniture"
16692,Special educational needs teacher
12006,"Optician, dispensing"
76677,Exercise physiologist
11209,Ecologist
07091,"Engineer, electronics"
02625,"Librarian, public"
38457,Retail manager
76166,Theatre manager
80766,"Engineer, mining"
92489,"Designer, textile"
90175,Barrister
64403,"Nurse, mental health"
58172,"Surveyor, commercial/residential"
85764,Fine artist
59665,Visual merchandiser
31454,Electrical engineer
54265,Planning and development surveyor
57150,Clinical biochemist
50204,"Engineer, drilling"
33214,Immigration officer
44206,Retail merchandiser
08230,Chartered public finance accountant
78592,Museum/gallery conservator
84426,Water engineer
54212,Sport and exercise psychologist
60120,"Psychotherapist, dance movement"
79090,Medical physicist
14486,Housing manager/officer
04747,Retail buyer
54073,Scientific laboratory technician
08237,Technical author
57100,"Psychologist, clinical"
48125,Osteopath
55634,"Surveyor, building"
74812,Engineering geologist
08192,Rural practice surveyor
76587,"Engineer, water"
50690,Geochemist
48798,"Programme researcher, broadcasting/film/video"
39087,Communications engineer
02997,Astronomer
43875,Horticultural consultant
35602,Retail buyer
35907,"Scientist, water quality"
29473,Chief Executive Officer
08695,Social researcher
20461,Nature conservation officer
11308,Ophthalmologist
06243,Water engineer
03631,Speech and language therapist
59988,Water engineer
53930,Games developer
37722,Outdoor activities/education manager
02301,Chief Strategy Officer
41005,Market researcher
92093,"Producer, television/film/video"
72068,Leisure centre manager
27824,"Copywriter, advertising"
13785,Make
51532,Research scientist (physical sciences)
65176,Data scientist
56977,Personnel officer
33062,Product manager
44517,Sports administrator
45813,"Horticulturist, commercial"
58551,"Scientist, physiological"
24443,"Editor, commissioning"
41449,"Teacher, special educational needs"
06941,English as a foreign language teacher
83336,IT trainer
06277,Quantity surveyor
10891,Podiatrist
87216,Furniture conservator/restorer
94668,"Engineer, water"
94988,"Engineer, structural"
79025,Data processing manager
52286,Early years teacher
24798,Adult nurse
35155,Charity fundraiser
71049,Geochemist
96229,Technical author
41781,Chemical engineer
06311,Forensic psychologist
66972,Investment analyst
38771,Press photographer
89185,"Engineer, energy"
70579,"Surveyor, hydrographic"
29400,Recycling officer
74201,Psychotherapist
35445,"Secretary, company"
92780,Counsellor
83878,"Teacher, special educational needs"
97484,"Teacher, primary school"
60660,Human resources officer
04284,"Accountant, chartered management"
82177,Community education officer
19891,Travel agency manager
45533,Dietitian
13595,"Nurse, adult"
88503,Armed forces operational officer
45589,Financial trader
10211,"Therapist, sports"
51735,Publishing rights manager
39098,"Surveyor, minerals"
77796,Secondary school teacher
87273,"Investment banker, corporate"
29342,"Surveyor, minerals"
92684,"Teacher, early years/pre"
84362,Ceramics designer
13486,Chief Executive Officer
89192,"Scientist, research (physical sciences)"
47845,"Engineer, chemical"
45004,Ambulance person
28660,"Engineer, maintenance (IT)"
65901,Web designer
64999,Physiological scientist
16241,Actor
94919,Optometrist
89055,IT trainer
70851,Pharmacologist
63178,Personnel officer
60559,Arts administrator
53784,Oncologist
12048,Newspaper journalist
40055,Medical secretary
50144,Careers information officer
68134,"Psychotherapist, child"
63777,Health service manager
47367,Clinical psychologist
61682,Health visitor
54985,Wellsite geologist
26989,Armed forces training and education officer
18681,Forensic psychologist
66062,Trade union research officer
11821,Scientific laboratory technician
49861,Social worker
48214,"Conservator, museum/gallery"
69125,Personal assistant
46566,Environmental health practitioner
02179,"Investment banker, operational"
19076,Ergonomist
66257,Quarry manager
44277,Investment analyst
18225,Geoscientist
23707,"Accountant, chartered management"
58128,"Administrator, education"
52835,Claims inspector/assessor
61933,Fish farm manager
62292,Community development worker
23257,Advertising account executive
04277,Forensic psychologist
88321,"Designer, jewellery"
80354,Higher education lecturer
63768,Building surveyor
72260,Passenger transport manager
40719,Pathologist
66762,Emergency planning/management officer
97472,Hospital doctor
18408,Call centre manager
06084,Database administrator
29424,Therapeutic radiographer
33626,Information officer
09138,Special educational needs teacher
99947,Sports coach
49846,Airline pilot
24645,"Engineer, chemical"
90282,Radiation protection practitioner
70028,Economist
03653,"Scientist, marine"
99511,"Engineer, production"
34398,Early years teacher
91006,Illustrator
84092,Minerals surveyor
28305,Illustrator
73782,Firefighter
37677,Scientific laboratory technician
51535,"Engineer, land"
16222,"Surveyor, building"
40191,Television production assistant
94074,"Designer, multimedia"
03738,Occupational psychologist
90830,"Investment banker, corporate"
59776,Orthoptist
28526,Advice worker
73959,Learning disability nurse
06772,Learning disability nurse
30849,Database administrator
59154,Television/film/video producer
58378,Medical sales representative
28299,"Buyer, retail"
38466,Games developer
05397,Photographer
09100,Associate Professor
80840,Senior tax professional/tax inspector
56196,Trading standards officer
99444,Commissioning editor
18571,Conference centre manager
69948,Network engineer
73895,Police officer
04995,Technical brewer
70721,Archivist
38292,Early years teacher
46576,"Pilot, airline"
61274,Writer
20089,Television production assistant
20661,"Civil engineer, consulting"
71160,"Nurse, children's"
69359,Bookseller
72657,Pharmacologist
03586,Recruitment consultant
65782,Ergonomist
29162,Legal secretary
78202,"Engineer, structural"
84005,"Doctor, hospital"
81934,"Research officer, government"
04082,Transport planner
69924,Dramatherapist
87508,Phytotherapist
84916,Aeronautical engineer
59584,"Teacher, special educational needs"
67751,Toxicologist
55424,Charity officer
80131,"Radiographer, therapeutic"
05092,Trading standards officer
13026,Energy manager
70141,Fitness centre manager
60345,Microbiologist
54939,Health visitor
06052,Fitness centre manager
84604,Barrister's clerk
33188,Applications developer
04039,Transport planner
30656,Chiropractor
09182,Field trials officer
78370,Accounting technician
10042,Arboriculturist
75476,Software engineer
51715,Air cabin crew
09918,Landscape architect
69081,Trading standards officer
97443,Mental health nurse
50514,Higher education lecturer
68532,Publishing copy
02460,Broadcast engineer
34814,Equities trader
19395,Housing manager/officer
33450,Clinical cytogeneticist
46863,"Teacher, special educational needs"
49374,Counselling psychologist
84694,Emergency planning/management officer
19906,Illustrator
83457,Community education officer
66517,"Scientist, marine"
18238,English as a second language teacher
42755,Midwife
77364,Optometrist
51649,Consulting civil engineer
42369,Dentist
40986,Futures trader
58686,Police officer
36782,Forest/woodland manager
27072,Learning disability nurse
36861,"Psychologist, occupational"
26014,Passenger transport manager
54439,Physiotherapist
95564,Logistics and distribution manager
87383,Midwife
28126,Trade union research officer
78624,Broadcast presenter
67017,Associate Professor
62073,"Therapist, sports"
90527,English as a foreign language teacher
68379,Airline pilot
65852,Research scientist (maths)
33499,Control and instrumentation engineer
31362,Lobbyist
89545,Dispensing optician
82120,Legal executive
65405,Art therapist
93615,"Conservator, furniture"
70334,Special educational needs teacher
19076,"Teacher, special educational needs"
08249,Chartered legal executive (England and Wales)
55091,Occupational therapist
48564,"Therapist, horticultural"
44758,Chief Executive Officer
97437,Forensic scientist
94067,Structural engineer
50903,Rural practice surveyor
18295,"Therapist, sports"
50144,Wellsite geologist
34684,Production manager
29151,"Engineer, agricultural"
69969,IT sales professional
19166,Tour manager
42795,Associate Professor
02432,Manufacturing engineer
81223,Clinical cytogeneticist
64605,Sales executive
04802,Music therapist
05553,Airline pilot
61197,Paramedic
82968,"Engineer, building services"
55138,"Scientist, research (medical)"
76595,"Therapist, art"
63178,Stage manager
15111,Investment analyst
83734,Financial trader
67416,Tourism officer
52139,Press photographer
78031,Patent examiner
68819,Clinical psychologist
53111,Pensions consultant
56176,Radio broadcast assistant
22650,"Engineer, materials"
23643,Curator
60018,"Therapist, music"
99886,Production engineer
21142,Theme park manager
27907,Research scientist (physical sciences)
23785,Bonds trader
40599,Exhibition designer
77716,"Production assistant, television"
99386,"Development worker, international aid"
56060,Farm manager
97716,Curator
31405,Outdoor activities/education manager
54574,Chief Technology Officer
82950,"Programme researcher, broadcasting/film/video"
11892,Database administrator
91335,Nutritional therapist
26319,"Engineer, biomedical"
08724,Arboriculturist
71409,Sports development officer
93178,Structural engineer
98724,"Doctor, general practice"
36262,"Designer, graphic"
20450,Medical secretary
58514,Higher education careers adviser
28125,"Psychotherapist, dance movement"
98257,Financial planner
55018,Forensic scientist
39787,Clinical psychologist
36754,Applications developer
11892,"Engineer, control and instrumentation"
79086,Arts administrator
41596,Armed forces operational officer
92127,Teaching laboratory technician
47482,Drilling engineer
04122,Stage manager
61511,Passenger transport manager
74058,Insurance risk surveyor
81204,"Designer, jewellery"
45279,"Psychologist, clinical"
52278,Claims inspector/assessor
35603,Financial adviser
77871,"Accountant, chartered public finance"
22854,"Sales professional, IT"
90271,Agricultural engineer
73161,"Engineer, automotive"
81285,Applications developer
13226,Broadcast journalist
27059,Geographical information systems officer
70699,Translator
58572,Futures trader
62182,Company secretary
09209,"Editor, commissioning"
11193,Clothing/textile technologist
01776,Air traffic controller
98100,Product manager
21362,Regulatory affairs officer
17886,Photographer
78470,International aid/development worker
54556,Clinical molecular geneticist
79986,Theatre director
09370,Human resources officer
32925,Information systems manager
15945,"Designer, exhibition/display"
10978,Marine scientist
58301,Building control surveyor
67506,"Engineer, automotive"
36028,Set designer
13546,Theatre stage manager
59847,Scientific laboratory technician
97170,"Scientist, biomedical"
44228,IT technical support officer
54131,Food technologist
65392,"Surveyor, planning and development"
79118,Environmental consultant
01133,Theme park manager
72279,Horticultural therapist
81567,Human resources officer
97010,Therapeutic radiographer
83694,Special educational needs teacher
26159,Sports therapist
04848,"Administrator, Civil Service"
72720,Chief Marketing Officer
86961,Chartered management accountant
82015,Garment/textile technologist
68498,"Engineer, materials"
92077,Futures trader
11211,Social worker
47765,Land
22743,Systems analyst
89241,Professor Emeritus
38289,Commissioning editor
48949,"Programmer, applications"
13624,Careers adviser
34037,Public librarian
20421,Customer service manager
57785,Hydrographic surveyor
87363,"Therapist, occupational"
44287,Commissioning editor
89312,Child psychotherapist
66615,"Scientist, research (physical sciences)"
97678,Housing manager/officer
38870,Speech and language therapist
69146,Emergency planning/management officer
66042,Youth worker
21080,"Scientist, forensic"
67178,"Administrator, charities/voluntary organisations"
57862,Electrical engineer
27085,Secondary school teacher
46912,Prison officer
83974,"Chemist, analytical"
63194,Call centre manager
55387,"Accountant, chartered management"
30471,Facilities manager
64835,Chiropractor
53982,Technical author
14337,Occupational psychologist
24486,"Accountant, chartered management"
55470,Clothing/textile technologist
68380,"Psychologist, counselling"
20604,Regulatory affairs officer
48413,Publishing copy
41736,Neurosurgeon
07544,"Engineer, maintenance"
08719,Graphic designer
26959,"Teacher, special educational needs"
15822,Art gallery manager
40041,Copy
39568,Network engineer
33855,Advice worker
91003,"Solicitor, Scotland"
67389,Technical author
86989,Forensic scientist
57103,Freight forwarder
94604,International aid/development worker
94310,Chief Financial Officer
75496,Water quality scientist
79977,"Research officer, trade union"
72839,"Therapist, sports"
52933,"Scientist, water quality"
37940,Intelligence analyst
05415,Radiation protection practitioner
31410,Environmental education officer
86457,Print production planner
32821,Charity officer
72906,Minerals surveyor
57523,"Accountant, chartered management"
92754,Licensed conveyancer
37329,"Engineer, maintenance (IT)"
89295,Air traffic controller
23099,"Production designer, theatre/television/film"
65466,Pension scheme manager
00627,"Designer, graphic"
49583,Advertising account planner
21420,Dispensing optician
06666,Tree surgeon
05961,Clinical research associate
10458,Clothing/textile technologist
65208,Interpreter
41415,"Pharmacist, community"
08743,Press sub
95530,Fine artist
20618,Television floor manager
44024,Museum education officer
79246,Sports coach
05018,Advertising art director
63895,Geophysical data processor
28443,"Administrator, sports"
91354,"Surveyor, land/geomatics"
82214,Network engineer
23567,Planning and development surveyor
44395,"Merchandiser, retail"
71859,Retail banker
59443,Clinical psychologist
40064,"Engineer, biomedical"
68202,"Designer, exhibition/display"
60189,Management consultant
28512,Armed forces training and education officer
48518,Travel agency manager
49622,"Secretary, company"
72394,Forensic psychologist
25135,"Engineer, building services"
46965,"Development worker, international aid"
49453,Retail manager
69504,Television production assistant
94275,IT trainer
87977,Drilling engineer
85665,"Nurse, learning disability"
72073,"Scientist, forensic"
93770,Petroleum engineer
70440,Illustrator
77060,Veterinary surgeon
24014,Broadcast engineer
95571,Market researcher
38619,Magazine journalist
45805,Radiation protection practitioner
31562,"Engineer, petroleum"
98307,Dancer
88299,Veterinary surgeon
81940,Magazine features editor
14982,Theatre stage manager
57286,"Engineer, maintenance"
11025,"Research officer, government"
62929,"Therapist, speech and language"
04929,Pension scheme manager
50171,"Engineer, electronics"
27578,Art therapist
64380,Music tutor
23830,Geophysical data processor
94356,"Secretary, company"
09444,"Engineer, electronics"
91721,"Administrator, Civil Service"
24227,Location manager
69455,"Merchandiser, retail"
62465,"Teacher, primary school"
07813,Mining engineer
88325,Sports therapist
50563,Human resources officer
18841,"Surveyor, building control"
91249,Art gallery manager
05729,Psychiatric nurse
50400,Structural engineer
50295,"Civil engineer, contracting"
27501,Patent examiner
67108,Curator
08876,Manufacturing engineer
01221,"Therapist, art"
46846,Telecommunications researcher
73855,Barrister
19147,Technical brewer
23893,Garment/textile technologist
03370,"Surveyor, planning and development"
88681,Science writer
50347,Plant breeder/geneticist
60345,Magazine features editor
93442,Planning and development surveyor
59864,Information systems manager
82607,"Conservation officer, nature"
08941,Ergonomist
10697,Clinical psychologist
24622,"Conservation officer, historic buildings"
67836,Merchant navy officer
88737,Tax inspector
14057,Broadcast journalist
19181,Mental health nurse
83418,Investment analyst
61506,Charity fundraiser
19114,Product designer
73173,Sub
91673,Risk analyst
01295,Production manager
85096,Psychiatrist
09794,Manufacturing systems engineer
95179,Diagnostic radiographer
67112,Broadcast journalist
76277,"Engineer, building services"
35707,"Engineer, maintenance"
42329,"Sound technician, broadcasting/film/video"
27734,Learning disability nurse
90036,Higher education lecturer
53060,Volunteer coordinator
39458,Financial risk analyst
21326,"Therapist, music"
58781,Insurance claims handler
26075,Homeopath
23450,Associate Professor
43415,Psychiatric nurse
65641,Orthoptist
52561,Air broker
97005,Land
19669,Industrial buyer
30547,Building services engineer
50168,"Engineer, building services"
53284,Financial controller
23218,Immigration officer
57753,Land/geomatics surveyor
80470,Farm manager
73888,"Psychologist, counselling"
82296,Marketing executive
32493,Plant breeder/geneticist
04162,Community pharmacist
04295,Theatre manager
18824,Chartered loss adjuster
66474,"Engineer, aeronautical"
38438,Legal executive
97401,Accommodation manager
91332,Engineering geologist
62736,Economist
30171,"Engineer, electronics"
29882,Probation officer
73740,Animator
71031,Insurance account manager
88538,Product manager
66936,Radio producer
13503,Training and development officer
56415,Personnel officer
40061,Barista
56152,Petroleum engineer
70746,IT consultant
40875,Financial trader
14131,Brewing technologist
97937,Economist
26920,"Investment banker, corporate"
93111,Armed forces technical officer
72108,"Conservation officer, nature"
46404,Occupational hygienist
61350,Research scientist (medical)
88987,Financial adviser
27535,Manufacturing engineer
63448,Financial planner
94748,"Copywriter, advertising"
12711,"Scientist, audiological"
61648,Bonds trader
86850,Hospital pharmacist
46464,Editorial assistant
22986,Tree surgeon
46555,Music tutor
90366,Legal secretary
37416,Higher education careers adviser
52794,Video editor
29243,Systems developer
10637,"Therapist, art"
74858,Computer games developer
25150,Site engineer
07402,Garment/textile technologist
43774,"Scientist, marine"
41621,Orthoptist
42775,Dispensing optician
06445,"Engineer, chemical"
85068,"Editor, film/video"
33139,Local government officer
41223,Health and safety inspector
97977,Ambulance person
35167,Analytical chemist
04233,Health and safety inspector
16669,Chiropodist
74025,Immigration officer
43646,"Geneticist, molecular"
15794,Publishing rights manager
93950,Oncologist
36721,Product manager
55347,Learning disability nurse
28588,Operational researcher
92188,Music therapist
07355,IT technical support officer
56581,Control and instrumentation engineer
99350,Corporate investment banker
98946,Multimedia specialist
85747,Textile designer
27483,"Producer, radio"
67925,Cartographer
60000,Careers information officer
81472,Intelligence analyst
96204,Arts development officer
74497,Child psychotherapist
67422,"Scientist, product/process development"
90417,Cabin crew
34373,"Engineer, technical sales"
58528,"Merchandiser, retail"
24089,"Psychologist, clinical"
96577,Camera operator
83907,"Designer, exhibition/display"
55391,"Scientist, research (life sciences)"
03309,Retail manager
74628,Financial manager
79858,Estate agent
41611,Forest/woodland manager
45844,Speech and language therapist
58981,Radio broadcast assistant
31887,"Teacher, early years/pre"
92855,Osteopath
32168,Land/geomatics surveyor
81728,Financial adviser
23533,"Surveyor, land/geomatics"
86724,Information systems manager
21178,Editorial assistant
07509,Ceramics designer
79100,Orthoptist
83230,Retail merchandiser
19013,Television floor manager
60913,Radiation protection practitioner
27843,Seismic interpreter
43852,Media buyer
45402,Occupational psychologist
94936,Surgeon
33333,Bookseller
87225,Purchasing manager
18619,Youth worker
98563,Town planner
54015,"Psychologist, educational"
44248,Microbiologist
20814,Financial controller
57895,"Buyer, industrial"
17627,"Accountant, chartered public finance"
56394,Accounting technician
68586,"Engineer, broadcasting (operations)"
29545,Purchasing manager
95138,Government social research officer
08509,Make
42917,Claims inspector/assessor
26814,"Therapist, nutritional"
39474,Soil scientist
96106,Chief of Staff
58051,"Surveyor, insurance"
55184,Commercial/residential surveyor
09029,"Social research officer, government"
24107,"Journalist, newspaper"
94992,"Scientist, forensic"
43504,Heritage manager
64105,"Engineer, materials"
97338,"Secretary, company"
61290,Rural practice surveyor
36916,"Designer, television/film set"
50788,Database administrator
20398,Race relations officer
68938,Biomedical scientist
96945,Film/video editor
97330,"Surveyor, hydrographic"
10067,Dealer
97808,"Teacher, adult education"
87874,Audiological scientist
15234,"Scientist, research (medical)"
71216,"Scientist, research (medical)"
35901,Arts development officer
70055,Textile designer
82076,Multimedia specialist
85015,Writer
23667,"Engineer, mining"
67423,"Psychologist, educational"
82058,"Nurse, mental health"
45469,Market researcher
98556,Meteorologist
41639,Science writer
84548,Camera operator
37048,Health and safety inspector
40296,Data scientist
12378,"Journalist, newspaper"
65716,Clinical cytogeneticist
92366,Chartered public finance accountant
98907,Professor Emeritus
99556,Fashion designer
81604,Music therapist
86428,"Surveyor, rural practice"
12507,Field seismologist
08666,Professor Emeritus
18787,"Engineer, petroleum"
59953,"Conservator, furniture"
24402,Archaeologist
79457,Control and instrumentation engineer
74948,"Research officer, government"
18529,Scientific laboratory technician
52772,Clinical molecular geneticist
92147,Agricultural consultant
45425,"Journalist, broadcasting"
87319,Sales promotion account executive
28566,Insurance broker
36754,Audiological scientist
90843,Passenger transport manager
25199,Environmental education officer
85942,Senior tax professional/tax inspector
19245,Operations geologist
91438,Contractor
43145,Management consultant
54191,"Engineer, production"
27566,"Geologist, engineering"
54775,"Engineer, chemical"
85374,Tax adviser
99863,Geoscientist
66503,Customer service manager
85044,Dance movement psychotherapist
00786,"Secretary, company"
87147,Accounting technician
20255,Health promotion specialist
78569,Tour manager
11684,"Runner, broadcasting/film/video"
56153,Communications engineer
16455,Geoscientist
34729,"Teacher, special educational needs"
33364,Human resources officer
75130,"Scientist, audiological"
78607,Further education lecturer
74769,"Education officer, museum"
38291,IT sales professional
17460,Politician's assistant
68347,Investment analyst
42496,Secretary/administrator
54381,"Accountant, chartered public finance"
98610,Historic buildings inspector/conservation officer
60345,Dancer
76023,"Designer, fashion/clothing"
95821,"Pharmacist, community"
13426,"Engineer, civil (consulting)"
39454,Speech and language therapist
41227,Art gallery manager
05117,Commercial/residential surveyor
44980,Estate manager/land agent
36575,"Engineer, civil (contracting)"
69175,Health service manager
97167,Immunologist
17977,"Scientist, research (physical sciences)"
05029,Health visitor
49351,"Teacher, early years/pre"
45718,Cytogeneticist
70848,Gaffer
56018,Paramedic
44678,Local government officer
96411,Counsellor
58078,"Editor, film/video"
33255,Arts administrator
15644,Video editor
62745,"Engineer, production"
34988,"Nurse, mental health"
31613,"Designer, textile"
98693,Press photographer
09876,Town planner
78330,Manufacturing engineer
11105,"Engineer, production"
41090,Sales promotion account executive
91903,Risk manager
42576,Careers adviser
21769,Hotel manager
07134,Advertising art director
66544,Oceanographer
77009,"Conservation officer, nature"
78114,Medical secretary
02430,"Surveyor, building control"
94910,Structural engineer
45783,Production engineer
26962,Archivist
85310,"Education officer, museum"
64209,Teaching laboratory technician
59254,"Surveyor, minerals"
92874,Chartered loss adjuster
47927,Psychiatric nurse
62029,"Sound technician, broadcasting/film/video"
68884,Film/video editor
10485,"Loss adjuster, chartered"
56878,Herpetologist
78561,Oncologist
95339,"Accountant, chartered public finance"
54009,Acupuncturist
93499,Advice worker
66450,Research scientist (life sciences)
39367,Futures trader
65518,Geographical information systems officer
12541,Quantity surveyor
21432,"Engineer, biomedical"
43166,Call centre manager
57447,Production engineer
48304,Chief Executive Officer
20813,Occupational psychologist
28323,"Engineer, energy"
38096,Curator
87327,Water engineer
09219,Illustrator
99316,"Biochemist, clinical"
24104,"Engineer, biomedical"
24578,Mental health nurse
36203,Brewing technologist
08340,Operations geologist
80686,Neurosurgeon
08944,"Psychologist, counselling"
63387,Medical illustrator
07765,Charity officer
67400,Community education officer
99201,Fitness centre manager
94134,"Scientist, research (maths)"
99301,Arboriculturist
36008,Retail buyer
50449,Chiropractor
58596,Lexicographer
04885,Applications developer
04627,Health service manager
35625,"Doctor, hospital"
07209,"Surveyor, commercial/residential"
91038,Corporate treasurer
07530,"Accountant, chartered public finance"
89901,"Nurse, children's"
59051,Dance movement psychotherapist
07932,"Lighting technician, broadcasting/film/video"
26418,Museum education officer
02936,"Engineer, site"
43836,"Pharmacist, community"
70026,Chief Financial Officer
91463,Neurosurgeon
35183,Scientific laboratory technician
80931,Clinical biochemist
58625,"Optician, dispensing"
30994,TEFL teacher
06235,Bookseller
87064,Mental health nurse
04550,Chemical engineer
76430,Software engineer
27012,"Engineer, civil (contracting)"
95614,Retail merchandiser
52479,Engineering geologist
86974,"Education officer, community"
39516,"Surveyor, quantity"
08472,"Biochemist, clinical"
99305,Chief Executive Officer
36316,Water engineer
83602,Mining engineer
89239,Secondary school teacher
57362,"Psychologist, prison and probation services"
79693,Market researcher
06990,"Engineer, control and instrumentation"
99697,Chiropodist
14377,Research scientist (medical)
67222,Recruitment consultant
88828,Chartered certified accountant
40777,Barrister's clerk
80476,Furniture conservator/restorer
16575,Hydrogeologist
75289,Field seismologist
00952,"Loss adjuster, chartered"
34620,Sub
65041,Secondary school teacher
42387,Health promotion specialist
54557,"Designer, blown glass/stained glass"
42241,Investment analyst
36133,Early years teacher
38646,"Designer, jewellery"
03672,"Sound technician, broadcasting/film/video"
42844,Optometrist
75601,Museum/gallery curator
23501,Sports coach
98983,Insurance account manager
43066,Sub
77366,Water quality scientist
89389,Physiotherapist
38343,Public relations officer
79712,Actuary
37074,"Development worker, international aid"
19998,Ceramics designer
87999,"Therapist, nutritional"
20609,"Designer, jewellery"
64353,Toxicologist
11602,Commissioning editor
78862,Government social research officer
68198,Water quality scientist
87795,Special effects artist
98770,"Research officer, trade union"
17170,"Buyer, retail"
16240,Product designer
46296,Air traffic controller
66377,Human resources officer
20408,Sports development officer
22396,"Teacher, adult education"
84576,Sports development officer
06534,Advertising account executive
15923,Press photographer
31246,Social researcher
28632,Volunteer coordinator
53726,Interior and spatial designer
34293,Animal nutritionist
19982,Air traffic controller
20263,Chief Marketing Officer
68062,"Scientist, biomedical"
66308,Hospital pharmacist
65402,Podiatrist
33436,Chartered accountant
85529,Fitness centre manager
33816,Dance movement psychotherapist
47606,Risk analyst
03981,"Pharmacist, hospital"
41520,"Engineer, electrical"
34975,"Designer, industrial/product"
56599,Medical secretary
38097,Exercise physiologist
23117,"Exhibitions officer, museum/gallery"
52215,"Editor, film/video"
84336,Physiological scientist
59160,Systems analyst
44536,Press sub
30481,Politician's assistant
15243,"Journalist, broadcasting"
47196,Commercial/residential surveyor
84390,Health and safety inspector
05659,"Surveyor, commercial/residential"
07493,Professor Emeritus
50720,"Engineer, energy"
29661,Lobbyist
90360,Chartered loss adjuster
27496,"Administrator, sports"
19703,"Engineer, production"
57926,Media planner
44991,Printmaker
22415,"Copywriter, advertising"
48756,"Radiographer, therapeutic"
50162,Advertising account planner
18711,"Conservator, museum/gallery"
49742,"Engineer, energy"
36366,Purchasing manager
22269,Hospital doctor
62013,Trading standards officer
33123,Radio broadcast assistant
70087,Sales promotion account executive
58990,Armed forces technical officer
90491,Clinical cytogeneticist
93196,Magazine journalist
54749,Arboriculturist
99065,Fish farm manager
70310,IT technical support officer
63083,Public relations officer
13363,"Radiographer, diagnostic"
38829,Theatre stage manager
73439,Probation officer
61788,"Production assistant, radio"
41415,Civil Service administrator
67347,Associate Professor
21388,English as a second language teacher
37752,Data scientist
15681,Records manager
86596,"Designer, jewellery"
96194,Air cabin crew
86748,Child psychotherapist
17139,"Engineer, biomedical"
08767,Music therapist
32620,Dealer
34360,Geochemist
82113,Bonds trader
99163,Futures trader
78608,"Administrator, sports"
65215,"Production assistant, television"
20368,Cabin crew
60107,"Exhibitions officer, museum/gallery"
76567,Logistics and distribution manager
73730,Insurance risk surveyor
45580,"Engineer, building services"
22508,Bookseller
25720,Bookseller
97744,Operations geologist
80769,Lawyer
93064,"Therapist, drama"
81804,"Librarian, academic"
70265,Chartered accountant
21979,Applications developer
77978,Clinical psychologist
14975,Banker
81207,Translator
53636,Tourist information centre manager
70455,Textile designer
17940,Psychiatrist
18821,Museum education officer
60617,Broadcast engineer
02560,Estate manager/land agent
90221,Physiotherapist
50842,Plant breeder/geneticist
49088,Counsellor
50473,Public relations account executive
89950,"Chemist, analytical"
66941,Special educational needs teacher
59092,Hydrologist
00886,"Surveyor, mining"
19524,Trade union research officer
98438,Production manager
17169,Further education lecturer
02387,"Civil engineer, consulting"
63117,Engineering geologist
35441,Catering manager
95194,Psychiatrist
77981,Commissioning editor
34553,Accommodation manager
44151,Health promotion specialist
33910,Barrister
31295,Chartered certified accountant
17125,Psychiatric nurse
22095,Meteorologist
33544,Logistics and distribution manager
11833,Human resources officer
86633,Records manager
56313,Youth worker
59294,Recruitment consultant
64914,"Engineer, civil (consulting)"
69994,"Embryologist, clinical"
43965,Immunologist
24850,Network engineer
26385,"Psychotherapist, child"
33044,Call centre manager
93526,Exhibition designer
72382,Recycling officer
75236,"Engineer, electrical"
62335,Publishing copy
24317,Web designer
55853,"Production designer, theatre/television/film"
28651,"Designer, exhibition/display"
33766,Fitness centre manager
90415,"Engineer, manufacturing"
36692,Ecologist
17309,"Solicitor, Scotland"
00676,"Teacher, adult education"
73524,Professor Emeritus
47604,Museum education officer
96420,"Biochemist, clinical"
56597,Health and safety adviser
68651,"Therapist, music"
93358,Environmental health practitioner
24496,Social worker
25240,Firefighter
96242,Museum education officer
63881,"Conservator, furniture"
88850,Television camera operator
59945,"Designer, textile"
19108,Environmental manager
77582,Archaeologist
00672,Environmental manager
90521,"Engineer, maintenance (IT)"
71936,"Scientist, clinical (histocompatibility and immunogenetics)"
15771,Chartered public finance accountant
21541,Structural engineer
12459,Forensic psychologist
79672,"Loss adjuster, chartered"
69199,Advertising account executive
48511,"Nurse, mental health"
32645,"Social research officer, government"
80200,Regulatory affairs officer
43977,Planning and development surveyor
00807,Regulatory affairs officer
19262,Office manager
52768,Maintenance engineer
18354,Barrister's clerk
18621,"Surveyor, rural practice"
09005,Music therapist
95450,Amenity horticulturist
18399,"Conservator, museum/gallery"
86721,Lawyer
52892,Manufacturing systems engineer
87587,Mechanical engineer
45182,"Nurse, children's"
52631,Health visitor
78752,"Pharmacist, community"
99373,Health and safety adviser
04094,Energy engineer
56389,Manufacturing engineer
79917,"Production assistant, television"
65216,Marketing executive
14712,Quantity surveyor
09941,Textile designer
02316,"Investment banker, operational"
44903,Chartered management accountant
03359,Environmental health practitioner
83169,Seismic interpreter
44281,Press sub
81591,Human resources officer
50574,Health and safety adviser
94674,Historic buildings inspector/conservation officer
73139,Marine scientist
27528,English as a foreign language teacher
76574,"Education officer, museum"
88567,Toxicologist
67955,Financial controller
57865,Astronomer
85633,Community development worker
28489,Estate manager/land agent
64665,Arts administrator
99770,Speech and language therapist
80063,Licensed conveyancer
21214,Economist
89346,Furniture conservator/restorer
61589,Environmental health practitioner
16578,Barrister
43485,Film/video editor
14375,Product designer
23563,Immigration officer
77421,Scientific laboratory technician
86135,Technical author
07391,Prison officer
71269,Research scientist (life sciences)
49187,Recruitment consultant
97971,Museum/gallery conservator
43387,Writer
88096,Horticultural therapist
62977,Prison officer
03274,Quantity surveyor
46546,"Loss adjuster, chartered"
32152,Proofreader
89743,Fine artist
67996,"Social research officer, government"
20588,Estate agent
44500,Amenity horticulturist
42555,Theatre manager
86673,Chartered public finance accountant
92259,Scientific laboratory technician
51955,Legal executive
95264,Orthoptist
11516,Product manager
59524,Animal nutritionist
71017,"Administrator, local government"
76610,Multimedia specialist
75402,Building surveyor
73969,Cabin crew
93996,Geoscientist
05310,Quality manager
48857,"Scientist, physiological"
22471,Data processing manager
11071,"Surveyor, insurance"
66030,Research scientist (medical)
81829,Visual merchandiser
64938,Sports coach
07299,Midwife
56226,Intelligence analyst
49343,Operational researcher
11629,Architect
32105,Sales executive
53805,"Teacher, secondary school"
21035,Plant breeder/geneticist
62083,Clinical embryologist
33361,Dispensing optician
37456,Rural practice surveyor
99351,Soil scientist
26014,Freight forwarder
99901,Armed forces operational officer
17611,Consulting civil engineer
10444,Software engineer
02611,Hydrographic surveyor
42714,Financial trader
04458,Meteorologist
33214,Building services engineer
73320,Jewellery designer
36359,Administrator
35185,Manufacturing systems engineer
07392,Conference centre manager
62975,Secondary school teacher
18486,Special effects artist
63097,Counselling psychologist
61068,Volunteer coordinator
74498,Environmental consultant
11846,"Exhibitions officer, museum/gallery"
54720,"Physicist, medical"
07313,"Designer, furniture"
53326,English as a foreign language teacher
27415,Special educational needs teacher
46464,Architect
45812,Psychiatrist
91630,Trade mark attorney
12055,"Therapist, occupational"
17631,Financial manager
73461,Mudlogger
26307,English as a foreign language teacher
84696,"Journalist, magazine"
13498,Historic buildings inspector/conservation officer
91261,Drilling engineer
05599,Ceramics designer
55932,Barista
54520,"Sales professional, IT"
79560,Electronics engineer
70380,Clothing/textile technologist
11843,Theatre manager
68913,"Designer, furniture"
75870,"Civil engineer, contracting"
23512,Communications engineer
82428,Translator
86592,Aid worker
53304,"Administrator, Civil Service"
24640,Commercial horticulturist
14718,"Engineer, electrical"
09103,Health and safety adviser
73863,Merchant navy officer
19997,"Biochemist, clinical"
59230,Health and safety adviser
74070,Oceanographer
43486,Public librarian
10106,Commissioning editor
67706,Prison officer
22622,Insurance risk surveyor
64857,Animal technologist
77085,Systems analyst
94262,Pension scheme manager
47905,Editorial assistant
30551,Data processing manager
52687,Purchasing manager
86974,Copy
60121,Make
17515,Restaurant manager
28254,"Scientist, forensic"
60147,Hydrogeologist
64935,Art gallery manager
39931,Copy
77846,Transport planner
36611,Heritage manager
62914,Probation officer
98372,"Engineer, drilling"
32615,"Geneticist, molecular"
46529,General practice doctor
76001,Equality and diversity officer
92195,Production engineer
45607,Soil scientist
76440,Armed forces technical officer
78784,Operational researcher
46206,Community arts worker
30683,"Therapist, occupational"
64252,"Accountant, chartered certified"
63554,Furniture designer
58105,Osteopath
05429,Chief Financial Officer
63464,Call centre manager
71747,Data processing manager
93135,Hotel manager
58566,Broadcast journalist
50510,Network engineer
29604,Quality manager
65033,Arts administrator
54807,Planning and development surveyor
91696,Music tutor
65201,Theme park manager
52223,Lawyer
26461,Production manager
77861,Archaeologist
79864,Occupational therapist
04106,Herbalist
22577,Web designer
85033,Radio broadcast assistant
02399,Banker
15506,Osteopath
03554,"Radiographer, therapeutic"
22375,Magazine features editor
76856,"Producer, television/film/video"
42720,"Designer, multimedia"
21290,Environmental health practitioner
93954,Prison officer
14152,Intelligence analyst
40545,Medical sales representative
36899,Arts development officer
57428,Financial risk analyst
15934,Historic buildings inspector/conservation officer
16320,Dance movement psychotherapist
34742,"Education officer, community"
53014,Academic librarian
31385,Commercial/residential surveyor
01124,Tourist information centre manager
09675,Dietitian
64682,Historic buildings inspector/conservation officer
95561,Quarry manager
30873,Building services engineer
70305,Biomedical scientist
85752,Event organiser
17540,Automotive engineer
28211,Speech and language therapist
91089,Tax inspector
51352,Product designer
47038,Magazine journalist
96943,Agricultural consultant
98609,Chief Executive Officer
58143,"Engineer, manufacturing"
90369,Interior and spatial designer
04138,"Scientist, research (physical sciences)"
73108,Make
39864,Clinical research associate
85128,Geophysicist/field seismologist
42229,Clinical psychologist
54518,Architectural technologist
05675,Psychiatric nurse
81439,Industrial buyer
20782,"Solicitor, Scotland"
73954,Animal technologist
31765,Careers adviser
91091,Volunteer coordinator
83025,Higher education lecturer
62016,"Radiographer, diagnostic"
38341,"Designer, interior/spatial"
21863,"Horticulturist, amenity"
96502,Dance movement psychotherapist
37632,"Editor, commissioning"
75189,Wellsite geologist
48357,Planning and development surveyor
09990,Set designer
23434,Data processing manager
45803,"Loss adjuster, chartered"
69943,"Programmer, systems"
01959,Event organiser
51603,Actuary
35412,"Psychologist, clinical"
42191,"Research officer, trade union"
51713,"Accountant, chartered public finance"
63036,Pharmacologist
64984,Race relations officer
43883,"Production assistant, television"
86003,"Scientist, research (life sciences)"
62098,Energy engineer
46348,Product designer
84595,Electronics engineer
10062,Environmental consultant
67142,Music therapist
81559,Counselling psychologist
58749,Quality manager
26023,Manufacturing systems engineer
95893,Insurance account manager
61415,Health visitor
73089,Ceramics designer
13298,Curator
64827,Primary school teacher
33619,"Radiographer, diagnostic"
60656,Housing manager/officer
38860,"Lecturer, further education"
70515,Structural engineer
33040,"Psychotherapist, child"
57617,Land
03343,"Production assistant, television"
71077,"Therapist, drama"
58267,Automotive engineer
62749,Personal assistant
95100,Chartered certified accountant
41511,"Designer, textile"
35388,Solicitor
74355,Chief Strategy Officer
63456,Arboriculturist
42290,Hotel manager
74619,Applications developer
78776,"Horticulturist, commercial"
69841,Diagnostic radiographer
36700,"Designer, television/film set"
78239,Travel agency manager
54082,Hydrogeologist
22082,Land/geomatics surveyor
01355,Engineering geologist
33579,Health physicist
92624,Contractor
50771,Editorial assistant
88110,Intelligence analyst
62367,Health service manager
22535,Architectural technologist
83097,Magazine journalist
91847,Audiological scientist
23033,Estate manager/land agent
25672,"Surveyor, rural practice"
33965,Maintenance engineer
44575,Marketing executive
52615,Probation officer
24683,Emergency planning/management officer
63945,Energy manager
93885,Commissioning editor
83976,English as a foreign language teacher
58410,Materials engineer
39911,Operational researcher
40722,Landscape architect
13693,Mining engineer
64391,Museum/gallery conservator
61214,Statistician
69234,Adult nurse
91401,"Therapist, sports"
55473,Equality and diversity officer
42832,Chief Marketing Officer
15228,Site engineer
35299,"Buyer, retail"
29951,"Surveyor, minerals"
05466,Artist
43310,Energy manager
12097,Publishing copy
46611,Estate manager/land agent
16413,Ceramics designer
02003,"Programmer, multimedia"
76567,IT trainer
54977,"Investment banker, corporate"
93756,Sales promotion account executive
40422,Fisheries officer
78554,"Development worker, community"
05413,Television camera operator
76699,Higher education lecturer
41978,Television production assistant
46151,Ranger/warden
21661,"Designer, exhibition/display"
84068,Mechanical engineer
97440,Tourist information centre manager
23405,Environmental consultant
32317,Technical author
11595,Land/geomatics surveyor
65369,Site engineer
47926,Waste management officer
66305,Commercial/residential surveyor
90137,Theatre manager
97895,Automotive engineer
41810,Warden/ranger
61329,Hydrographic surveyor
08857,Armed forces operational officer
72942,Clinical research associate
76805,"Exhibitions officer, museum/gallery"
89484,Probation officer
56093,"Administrator, local government"
14289,Optometrist
74081,"Restaurant manager, fast food"
45000,Lobbyist
87592,Adult nurse
17365,"Runner, broadcasting/film/video"
83825,Health physicist
38158,Advertising copywriter
23894,Investment analyst
67465,"Social research officer, government"
39762,Operations geologist
51233,Media planner
48493,"Psychologist, clinical"
73777,Administrator
85514,Production engineer
00826,"Accountant, chartered public finance"
08767,Phytotherapist
37545,Colour technologist
50411,Data scientist
00712,Homeopath
09942,Community pharmacist
02799,"Psychologist, sport and exercise"
18242,Social worker
89435,Broadcast journalist
15546,"Geneticist, molecular"
98332,Art therapist
98991,Furniture conservator/restorer
09252,Chief Technology Officer
06929,Race relations officer
69538,"Investment banker, operational"
37992,Toxicologist
12015,Agricultural engineer
11402,"Pharmacist, hospital"
47280,Dancer
83828,Legal secretary
39111,Medical sales representative
34687,English as a second language teacher
23418,Optometrist
49898,"Solicitor, Scotland"
70853,Art gallery manager
85307,Chartered public finance accountant
55134,"Psychotherapist, child"
17010,"Restaurant manager, fast food"
30811,Furniture conservator/restorer
90114,"Librarian, academic"
42884,Theatre stage manager
22419,Field seismologist
30890,Occupational therapist
23068,Geophysicist/field seismologist
71198,Consulting civil engineer
91754,"Development worker, community"
65219,Occupational psychologist
86888,Illustrator
68579,Field seismologist
76783,Chartered public finance accountant
41842,Legal secretary
88791,Lawyer
60596,"Therapist, nutritional"
06224,"Psychologist, clinical"
48963,Network engineer
19590,"Conservation officer, nature"
09597,"Therapist, speech and language"
28090,Technical author
26585,Waste management officer
92491,Forensic psychologist
27636,Metallurgist
03569,"Merchandiser, retail"
61225,"Scientist, product/process development"
89256,Research scientist (medical)
55358,"Therapist, sports"
36037,Environmental education officer
03095,Database administrator
70201,Chief Executive Officer
56638,Architect
68640,"Therapist, occupational"
74252,Electronics engineer
20357,Press photographer
05745,Legal executive
39562,Personal assistant
75770,"Pharmacist, hospital"
77646,Insurance account manager
27744,Building surveyor
89165,Prison officer
55987,Retail merchandiser
73212,"Surveyor, commercial/residential"
03520,"Surveyor, hydrographic"
21105,Licensed conveyancer
61106,Haematologist
41840,"Surveyor, hydrographic"
76384,Warehouse manager
36126,Retail merchandiser
38810,Control and instrumentation engineer
66492,Secondary school teacher
33414,Games developer
94095,"Scientist, product/process development"
16899,Ophthalmologist
29225,Chief Executive Officer
98476,Gaffer
85950,Haematologist
14694,Passenger transport manager
26004,"Administrator, sports"
03840,Curator
40141,Fitness centre manager
18423,Sub
89586,Exercise physiologist
62369,"Radiographer, diagnostic"
19489,Environmental education officer
69254,Chartered loss adjuster
82046,Television production assistant
71882,"Engineer, mining"
96688,Air cabin crew
66970,Primary school teacher
94957,Clinical molecular geneticist
40474,"Designer, ceramics/pottery"
84743,"Exhibitions officer, museum/gallery"
30470,Tax inspector
91737,"Buyer, industrial"
21725,"Teacher, music"
61829,Proofreader
10082,"Conservation officer, historic buildings"
10243,Legal secretary
14691,Agricultural consultant
02208,Intelligence analyst
01810,Occupational hygienist
42476,"Copywriter, advertising"
22652,Biomedical scientist
75455,Media planner
42316,IT consultant
50579,"Doctor, hospital"
00871,Adult nurse
29105,"Scientist, research (medical)"
42880,Media buyer
81077,Printmaker
70275,Forensic scientist
88324,"Scientist, research (medical)"
51722,Printmaker
36742,Broadcast journalist
48233,Senior tax professional/tax inspector
33353,"Teacher, early years/pre"
42546,Building surveyor
31729,Horticultural consultant
00511,Learning disability nurse
21280,Diplomatic Services operational officer
14771,"Scientist, biomedical"
70793,Adult nurse
88509,Advertising copywriter
92824,Phytotherapist
34555,Insurance claims handler
40247,Wellsite geologist
41980,Emergency planning/management officer
28117,Careers information officer
68235,Air broker
24743,Nature conservation officer
07363,Teaching laboratory technician
96755,"Geologist, wellsite"
81651,Mudlogger
03896,"Engineer, civil (consulting)"
35303,"Engineer, civil (consulting)"
66410,Medical technical officer
10424,Glass blower/designer
79869,Meteorologist
13654,"Accountant, chartered certified"
36827,Ranger/warden
45651,Forest/woodland manager
41162,Environmental education officer
51811,Mudlogger
91425,"Surveyor, rural practice"
95431,Structural engineer
25960,Mental health nurse
68198,Media buyer
89425,"Designer, interior/spatial"
14197,Chartered management accountant
33886,Broadcast engineer
89949,"Designer, fashion/clothing"
88449,Building services engineer
21992,Planning and development surveyor
75413,Newspaper journalist
79624,"Engineer, site"
41316,Facilities manager
82809,"Engineer, civil (contracting)"
50547,"Designer, television/film set"
17880,English as a second language teacher
73828,Advertising copywriter
18887,"Conservation officer, historic buildings"
79134,Television floor manager
59004,"Biochemist, clinical"
23069,Health visitor
28687,Medical illustrator
59313,Chartered certified accountant
35401,Pharmacologist
74353,Economist
52568,Music therapist
92719,"Pharmacist, community"
26869,"Programmer, multimedia"
76222,"Research officer, government"
69238,Amenity horticulturist
52997,Leisure centre manager
60935,"Psychologist, clinical"
62575,"Lecturer, further education"
97886,Building surveyor
34673,"Lighting technician, broadcasting/film/video"
46713,Chartered public finance accountant
51295,Magazine journalist
56932,Records manager
92528,Trading standards officer
92494,"Nurse, mental health"
69824,"Engineer, materials"
14020,"Conservation officer, nature"
85377,Patent examiner
71531,Warehouse manager
19052,Visual merchandiser
87932,"Nurse, adult"
35217,"Designer, blown glass/stained glass"
67766,"Engineer, broadcasting (operations)"
79261,Geographical information systems officer
85626,Politician's assistant
95595,Chartered management accountant
33974,Marketing executive
91102,Music therapist
12873,Emergency planning/management officer
58802,"Nurse, mental health"
36216,IT sales professional
76769,Training and development officer
87270,Economist
21386,Audiological scientist
77903,Adult nurse
92595,"Psychotherapist, dance movement"
26592,Fitness centre manager
10503,Counsellor
02954,Haematologist
07341,Retail buyer
00536,Forensic psychologist
12013,Risk analyst
38076,Forest/woodland manager
20363,"Scientist, water quality"
74088,Statistician
89818,"Scientist, clinical (histocompatibility and immunogenetics)"
08213,Forest/woodland manager
59973,Teaching laboratory technician
42450,Meteorologist
14951,Clinical molecular geneticist
32351,Herbalist
88575,Government social research officer
25763,Dancer
54156,"Scientist, physiological"
66165,"Engineer, water"
76555,Firefighter
77739,Games developer
03353,Broadcast engineer
05378,Psychotherapist
73221,Tax adviser
01497,Airline pilot
22379,"Psychologist, sport and exercise"
37352,"Designer, industrial/product"
73302,Quarry manager
28811,"Accountant, chartered certified"
87921,Water engineer
52292,Clinical biochemist
58598,"Optician, dispensing"
94290,"Production designer, theatre/television/film"
44592,Senior tax professional/tax inspector
78586,Geochemist
73200,"Engineer, petroleum"
52522,"Designer, interior/spatial"
90137,Armed forces operational officer
98010,"Teacher, special educational needs"
85254,Health physicist
75802,Energy engineer
17190,Learning mentor
84578,Cabin crew
56572,Retail merchandiser
15297,Musician
79784,"Investment banker, corporate"
83223,Farm manager
68110,"Surveyor, commercial/residential"
83200,"Buyer, industrial"
52227,Financial trader
10475,Chief Executive Officer
73121,Speech and language therapist
39211,Fine artist
06175,"Civil engineer, contracting"
04240,"Sound technician, broadcasting/film/video"
50133,Trade union research officer
08727,Early years teacher
22869,Mudlogger
89451,Publishing copy
57848,"Administrator, local government"
14237,Advertising account executive
05767,"Administrator, Civil Service"
94966,Diagnostic radiographer
03180,Legal secretary
82766,Commercial/residential surveyor
47059,"Therapist, drama"
40833,Public librarian
89255,Intelligence analyst
66977,"Administrator, education"
63784,Bonds trader
67088,"Engineer, petroleum"
31252,Research scientist (physical sciences)
73215,Fisheries officer
27774,Chief Technology Officer
88833,Retail buyer
55158,Environmental manager
96455,Professor Emeritus
30863,Broadcast presenter
43150,Fast food restaurant manager
84396,Recycling officer
33977,Exhibition designer
35086,Diagnostic radiographer
76832,Chartered accountant
11686,Airline pilot
40589,Human resources officer
30760,Operational investment banker
64987,Education administrator
26428,"Teacher, primary school"
62610,Chiropractor
39300,Building control surveyor
43734,Multimedia specialist
11295,Counsellor
80937,Pension scheme manager
50705,Cabin crew
43598,Art therapist
69455,Hydrologist
85012,Chief of Staff
87854,Records manager
71232,Advertising account planner
47440,Visual merchandiser
93569,Structural engineer
76296,Horticultural consultant
23258,Diagnostic radiographer
43853,Recruitment consultant
03662,Data processing manager
29913,Cytogeneticist
54928,Nature conservation officer
31380,Airline pilot
66789,Manufacturing systems engineer
12907,"Designer, graphic"
76140,Hydrographic surveyor
57346,Glass blower/designer
39734,"Engineer, civil (contracting)"
22536,Magazine features editor
02048,Building services engineer
84177,Careers adviser
09917,Economist
21329,Insurance underwriter
02995,"Conservator, furniture"
44876,Passenger transport manager
74871,Clothing/textile technologist
07130,Advertising copywriter
23608,Print production planner
99765,"Programmer, systems"
09201,Illustrator
40016,"Doctor, general practice"
06407,Biomedical scientist
00957,Further education lecturer
50540,Sports administrator
01345,Barrister's clerk
49754,Insurance claims handler
78304,"Scientist, research (physical sciences)"
40884,Health physicist
85882,Counsellor
98441,Statistician
05677,Bonds trader
75458,Pensions consultant
79388,Camera operator
45202,Education administrator
44754,"Surveyor, insurance"
22878,"Nurse, mental health"
36646,"Administrator, education"
37939,Professor Emeritus
64634,Horticultural therapist
98778,Adult guidance worker
34900,"Horticulturist, amenity"
05259,Plant breeder/geneticist
20032,Hotel manager
60166,Office manager
52484,Medical technical officer
71170,"Administrator, charities/voluntary organisations"
11397,"Designer, industrial/product"
07347,Chartered management accountant
53231,Futures trader
10597,Counsellor
01001,Product/process development scientist
66250,Print production planner
45713,"Education officer, community"
09340,"Therapist, sports"
39347,"Accountant, chartered"
61021,Exhibition designer
63987,Contractor
36348,Records manager
83568,"Embryologist, clinical"
44889,Games developer
45452,Chief Technology Officer
05376,Leisure centre manager
18597,Soil scientist
59751,Historic buildings inspector/conservation officer
77186,"Teacher, English as a foreign language"
76383,Technical author
01233,Recycling officer
31272,Theme park manager
55542,Nature conservation officer
98720,"Surveyor, minerals"
99618,"Designer, jewellery"
13859,Tour manager
43568,"Engineer, site"
43632,Personnel officer
51796,Telecommunications researcher
48125,Clinical biochemist
99453,Bookseller
18606,Chartered certified accountant
22457,Seismic interpreter
18559,Clinical biochemist
82129,Printmaker
08167,Landscape architect
71446,Public relations officer
23384,Customer service manager
19428,Nature conservation officer
22088,"Development worker, community"
88631,Outdoor activities/education manager
24854,Nature conservation officer
26617,"Engineer, water"
27656,"Runner, broadcasting/film/video"
73627,Cytogeneticist
66874,"Restaurant manager, fast food"
43269,"Scientist, forensic"
19195,Farm manager
52273,Electronics engineer
20443,Conference centre manager
98490,"Engineer, maintenance"
44247,Barista
49594,Tree surgeon
61582,Corporate treasurer
71082,Early years teacher
53862,Logistics and distribution manager
57088,Immunologist
00720,"Scientist, product/process development"
82760,Retail manager
85488,"Biochemist, clinical"
64173,Ecologist
73555,Quarry manager
77953,Paediatric nurse
41584,Chief Strategy Officer
84660,Occupational psychologist
26258,Fitness centre manager
71860,Podiatrist
72571,Fashion designer
63108,Primary school teacher
55405,Geophysicist/field seismologist
06437,Comptroller
84898,Medical secretary
97409,Facilities manager
94592,Retail buyer
04239,"Programmer, multimedia"
58725,Intelligence analyst
74558,Operational investment banker
17248,Teaching laboratory technician
15233,Chief Operating Officer
58439,Mining engineer
67609,Personnel officer
13546,Agricultural engineer
33636,Waste management officer
31866,Travel agency manager
91676,Translator
23009,Cytogeneticist
67483,"Engineer, production"
90962,"Scientist, biomedical"
93807,"Radiographer, diagnostic"
01326,"Therapist, sports"
89187,"Editor, commissioning"
58400,"Psychologist, sport and exercise"
24362,"Surveyor, commercial/residential"
87619,Research scientist (life sciences)
62663,"Engineer, electrical"
42117,Sales promotion account executive
66468,"Engineer, manufacturing"
70887,Glass blower/designer
11879,Theatre director
53285,Veterinary surgeon
78510,Politician's assistant
73000,Learning mentor
72053,"Administrator, local government"
24919,Ambulance person
68600,"Designer, ceramics/pottery"
89524,Holiday representative
40902,Geoscientist
64112,"Investment banker, corporate"
54175,Tourist information centre manager
87396,"Investment banker, corporate"
84913,Armed forces logistics/support/administrative officer
99099,Animator
48945,"Programmer, applications"
25230,Retail manager
42221,Amenity horticulturist
76148,Astronomer
87875,Public librarian
22545,Sports administrator
66557,"Scientist, research (life sciences)"
76385,"Psychologist, prison and probation services"
52344,"Scientist, clinical (histocompatibility and immunogenetics)"
80079,Energy manager
87982,Ecologist
12928,Professor Emeritus
08216,"Engineer, control and instrumentation"
51451,Financial planner
65674,Photographer
74371,Purchasing manager
24380,Physiological scientist
42080,"Horticulturist, amenity"
44531,Gaffer
85416,Dancer
39928,Paramedic
53639,Insurance account manager
80840,"Scientist, research (life sciences)"
09729,Environmental consultant
39267,Bookseller
94254,Merchant navy officer
63934,"Designer, interior/spatial"
09803,Horticultural consultant
32532,Dietitian
73187,Financial risk analyst
56265,"Physicist, medical"
60371,"Horticulturist, commercial"
81806,"Accountant, chartered certified"
05249,Educational psychologist
38358,Actuary
70456,"Exhibitions officer, museum/gallery"
48166,Homeopath
49676,Quantity surveyor
32914,"Surveyor, hydrographic"
11477,Seismic interpreter
87282,Mining engineer
88525,Film/video editor
60926,Government social research officer
52695,Printmaker
83325,"Nurse, learning disability"
50900,"Nurse, adult"
85848,Electrical engineer
42545,"Designer, fashion/clothing"
72100,Cabin crew
93914,"Pilot, airline"
27294,"Teacher, primary school"
59971,Heritage manager
72502,Multimedia programmer
26357,Sales promotion account executive
87317,Sports coach
19591,Museum/gallery exhibitions officer
42217,Government social research officer
86276,Graphic designer
16252,"Solicitor, Scotland"
87911,Special effects artist
93793,Magazine journalist
16832,"Conservator, furniture"
62638,Conference centre manager
00783,Social researcher
16206,Television production assistant
67850,"Scientist, water quality"
96103,Scientific laboratory technician
97910,Advice worker
47635,Product manager
41341,Farm manager
14803,Records manager
57434,Barrister
17996,Prison officer
17802,Medical sales representative
82944,"Engineer, maintenance (IT)"
14998,Cytogeneticist
40155,Sports development officer
92139,Production manager
65913,"Psychotherapist, child"
43812,"Social research officer, government"
39252,Armed forces training and education officer
25504,"Engineer, control and instrumentation"
00602,Therapeutic radiographer
36449,Event organiser
26120,Metallurgist
93727,Learning disability nurse
30405,Insurance broker
77052,Housing manager/officer
99517,Systems developer
04406,"Production designer, theatre/television/film"
17864,"Psychologist, educational"
94308,"Conservator, furniture"
66846,Teaching laboratory technician
42006,"Research officer, political party"
52776,"Runner, broadcasting/film/video"
75137,Corporate investment banker
10933,"Accountant, chartered"
76883,Land/geomatics surveyor
53865,Ergonomist
85010,"Education officer, community"
35052,Chartered certified accountant
84333,Child psychotherapist
46749,"Psychologist, prison and probation services"
02565,"Scientist, water quality"
27884,Speech and language therapist
57039,"Engineer, water"
72905,Special effects artist
14659,Ecologist
04261,"Education officer, museum"
14887,Health physicist
26829,Water quality scientist
23670,Photographer
86328,"Conservation officer, historic buildings"
17232,Insurance account manager
71257,Bookseller
27824,Fitness centre manager
56055,"Surveyor, rural practice"
61666,Careers information officer
95279,"Teacher, English as a foreign language"
16570,Pathologist
02334,Arboriculturist
77192,"Sales professional, IT"
35136,Chemical engineer
95655,Visual merchandiser
02666,"Horticulturist, commercial"
90098,"Geologist, engineering"
15378,"Scientist, research (maths)"
82329,Television/film/video producer
93280,Airline pilot
97462,"Sound technician, broadcasting/film/video"
17822,Architect
38782,Commercial/residential surveyor
98677,Tax inspector
93249,Copy
72185,Plant breeder/geneticist
04915,Armed forces training and education officer
29983,Geoscientist
22863,Manufacturing engineer
10335,Geophysicist/field seismologist
25739,Video editor
23919,Translator
57121,Metallurgist
62251,Town planner
13215,Information systems manager
35369,"Engineer, land"
29180,Bookseller
68344,Broadcast presenter
13023,Haematologist
64043,"Administrator, arts"
46087,Sports therapist
63737,English as a second language teacher
58266,"Conservator, furniture"
81675,Media buyer
29102,Brewing technologist
23995,Haematologist
73373,Customer service manager
71788,Nutritional therapist
06683,Counsellor
51293,Customer service manager
74216,Broadcast presenter
32153,Equities trader
22898,Optometrist
17960,"Social research officer, government"
20810,Exercise physiologist
34230,"Engineer, biomedical"
01479,Audiological scientist
04111,Emergency planning/management officer
50501,Scientific laboratory technician
43185,"Designer, interior/spatial"
67144,Product designer
63703,Textile designer
03898,Magazine journalist
90200,Race relations officer
13527,Conference centre manager
96556,"Engineer, maintenance (IT)"
37310,Land
91091,"Scientist, research (physical sciences)"
59324,"Journalist, broadcasting"
31892,Database administrator
66358,Market researcher
86897,"Nurse, mental health"
99505,Advertising art director
78287,Seismic interpreter
38273,Technical sales engineer
01599,Public relations account executive
67932,Pensions consultant
07666,Pensions consultant
01305,"Therapist, drama"
25056,Materials engineer
35969,"Investment banker, operational"
83538,Emergency planning/management officer
08487,Equality and diversity officer
41860,IT sales professional
21802,TEFL teacher
07988,Community arts worker
11979,"Engineer, biomedical"
59066,Television camera operator
74817,Educational psychologist
90243,"Merchandiser, retail"
88989,Architect
93632,Meteorologist
41804,Ambulance person
89397,Exercise physiologist
29834,Office manager
72226,Museum/gallery exhibitions officer
79339,Sub
72064,Landscape architect
48266,"Engineer, agricultural"
97578,Hospital doctor
50771,Dispensing optician
75480,Lobbyist
31361,Environmental consultant
57224,Armed forces technical officer
22716,Trade mark attorney
34301,Advice worker
76285,"Teacher, special educational needs"
99428,Museum/gallery exhibitions officer
08264,Furniture designer
18040,Editorial assistant
88296,Publishing copy
31714,Air traffic controller
71490,"Designer, multimedia"
02496,Product designer
85494,Government social research officer
19910,"Presenter, broadcasting"
67660,Hydrographic surveyor
53334,Early years teacher
71618,"Engineer, control and instrumentation"
34770,Insurance risk surveyor
41861,Physiotherapist
90749,"Programmer, applications"
47099,Ceramics designer
72836,Geophysical data processor
20563,Soil scientist
46591,Sport and exercise psychologist
25978,Acupuncturist
66127,Retail buyer
47884,Arts development officer
37106,Learning mentor
59808,Interpreter
45181,Forensic psychologist
94103,"Geologist, engineering"
21459,"Sound technician, broadcasting/film/video"
18186,Health visitor
55971,Air broker
81397,Exhibition designer
50969,Special educational needs teacher
71148,Community arts worker
24038,Wellsite geologist
25583,Amenity horticulturist
58044,"Programme researcher, broadcasting/film/video"
55265,"Optician, dispensing"
09053,"Investment banker, operational"
88797,"Engineer, mining"
43348,Educational psychologist
22738,Advertising account planner
61185,Financial controller
05568,Environmental health practitioner
32940,Theatre stage manager
22894,Financial planner
74359,Public house manager
71129,"Therapist, drama"
64383,Contracting civil engineer
39094,"Lecturer, higher education"
06918,Chartered certified accountant
39186,Chief Strategy Officer
41104,"Runner, broadcasting/film/video"
97155,Health and safety inspector
52290,Learning mentor
98716,Oncologist
96716,Clinical molecular geneticist
29928,"Education officer, museum"
58363,Farm manager
09559,Museum/gallery conservator
38978,Surgeon
61276,Dietitian
72164,Counsellor
07921,Warden/ranger
99705,"Administrator, sports"
25035,Race relations officer
57585,"Copywriter, advertising"
06294,Medical illustrator
23169,Nature conservation officer
23734,"Administrator, education"
91765,Systems developer
11299,Medical physicist
83668,Local government officer
89063,Early years teacher
98918,Commercial/residential surveyor
06858,Bookseller
76477,Operational researcher
26166,Building services engineer
39632,Fisheries officer
30198,English as a foreign language teacher
75548,"Investment banker, corporate"
12542,Holiday representative
14045,Tree surgeon
48194,Hospital pharmacist
68961,Clinical research associate
89839,Intelligence analyst
67916,Radiation protection practitioner
34013,Toxicologist
38054,Technical brewer
68590,Sports therapist
51337,Minerals surveyor
22087,"Geologist, wellsite"
77290,Mechanical engineer
62095,Network engineer
06625,Psychotherapist
88157,Science writer
15712,"Accountant, chartered"
52039,"Psychotherapist, child"
29722,"Buyer, retail"
65408,Software engineer
01873,Writer
63499,Educational psychologist
78540,Commercial/residential surveyor
21970,"Librarian, public"
47776,"Education officer, museum"
68022,Retail banker
76736,"Engineer, energy"
13866,Press photographer
37463,"Engineer, chemical"
12138,Aid worker
92061,Quality manager
88153,"Geologist, wellsite"
77390,Musician
58919,"Surveyor, insurance"
25212,Higher education careers adviser
59340,Agricultural engineer
37818,Bookseller
43757,Podiatrist
51272,Primary school teacher
79795,Bonds trader
54076,"Geneticist, molecular"
50990,"Therapist, horticultural"
22860,Pension scheme manager
79826,Risk analyst
82384,"Embryologist, clinical"
41288,Wellsite geologist
19082,Higher education lecturer
66360,Press sub
95953,Advertising account executive
95637,Patent attorney
82071,"Editor, magazine features"
18611,Clinical research associate
28105,Interpreter
29807,Ophthalmologist
80508,"Teacher, secondary school"
58468,"Engineer, mining"
93239,Pathologist
14948,Orthoptist
26541,Accommodation manager
52110,Land
08365,Minerals surveyor
40456,Heritage manager
25143,Comptroller
08470,Primary school teacher
90105,Chartered public finance accountant
15836,Aeronautical engineer
91095,Special effects artist
09576,"Therapist, sports"
65932,Translator
12589,"Psychologist, clinical"
85700,"Engineer, site"
88114,Insurance account manager
89223,Armed forces operational officer
17240,Adult guidance worker
81952,"Investment banker, corporate"
42460,Audiological scientist
83220,Materials engineer
95188,Hydrogeologist
16523,Higher education careers adviser
15645,Counselling psychologist
30337,Dance movement psychotherapist
31087,"Presenter, broadcasting"
63574,Architect
82514,Education administrator
54467,Travel agency manager
63600,"Psychotherapist, child"
48909,Chief Technology Officer
93912,Veterinary surgeon
90013,Interior and spatial designer
17585,"Merchandiser, retail"
06826,Estate manager/land agent
09057,Photographer
65701,"Programmer, systems"
07679,Information systems manager
37617,Recruitment consultant
46400,Technical sales engineer
17279,"Scientist, marine"
54362,"Teacher, special educational needs"
95038,Haematologist
01710,"Surveyor, rural practice"
97195,Fish farm manager
32120,Chiropodist
29461,Cartographer
24547,"Therapist, speech and language"
37001,"Engineer, energy"
24315,Radio broadcast assistant
06760,Chief Executive Officer
06527,"Copywriter, advertising"
74930,Public relations account executive
22720,Geoscientist
87116,"Surveyor, insurance"
22320,Broadcast presenter
80241,Press photographer
88387,"Scientist, physiological"
27223,Education administrator
67097,Facilities manager
81991,"Surveyor, insurance"
06868,Technical sales engineer
65181,"Engineer, broadcasting (operations)"
50218,"Scientist, research (maths)"
99519,"Engineer, biomedical"
61264,Data processing manager
79322,Fitness centre manager
74433,"Designer, interior/spatial"
36840,Media planner
38035,Chiropodist
48181,"Social research officer, government"
35541,Retail manager
08525,Radiation protection practitioner
85310,Surgeon
02625,Oncologist
33373,"Engineer, materials"
01908,Social researcher
63340,"Psychologist, educational"
11073,Museum/gallery curator
47382,"Engineer, biomedical"
97237,Commissioning editor
00992,Pathologist
64923,Psychiatrist
64636,Secretary/administrator
83909,"Engineer, maintenance"
97853,Network engineer
33722,"Engineer, land"
55615,Arts development officer
33750,Health visitor
61314,Claims inspector/assessor
01127,Health and safety adviser
19697,Database administrator
95281,Civil Service administrator
06435,Higher education lecturer
51264,"Administrator, arts"
33736,"Civil engineer, consulting"
64486,Clinical research associate
29155,"Engineer, drilling"
17947,"Horticulturist, commercial"
52534,Volunteer coordinator
56247,Data scientist
37646,Oncologist
18168,Higher education careers adviser
49584,Recruitment consultant
67071,IT trainer
39898,Geoscientist
00993,Maintenance engineer
72782,Production engineer
02315,Intelligence analyst
38359,"Surveyor, commercial/residential"
52186,"Surveyor, insurance"
40066,Veterinary surgeon
78596,"Physicist, medical"
82913,"Psychotherapist, dance movement"
22994,Call centre manager
79762,"Teacher, secondary school"
51866,Psychiatric nurse
58623,Arts development officer
97196,"Administrator, local government"
34384,Counsellor
91503,Lobbyist
68708,"Teacher, special educational needs"
45378,Camera operator
82233,Retail merchandiser
59106,"Administrator, local government"
30528,Management consultant
69780,Aeronautical engineer
79836,Sports administrator
25519,Careers adviser
14028,"Psychologist, occupational"
20710,Curator
52341,"Development worker, community"
68359,Community arts worker
25584,Chartered accountant
87486,Dealer
59152,"Teacher, primary school"
14992,"Psychotherapist, child"
88655,Health service manager
05692,Fast food restaurant manager
07744,Leisure centre manager
17784,Chemical engineer
14449,"Production designer, theatre/television/film"
63791,"Designer, textile"
53022,Furniture conservator/restorer
45209,"Social research officer, government"
59346,"Lighting technician, broadcasting/film/video"
71807,"Engineer, chemical"
05687,Tourism officer
92750,"Scientist, biomedical"
35637,Community development worker
98553,Oceanographer
43447,Environmental consultant
07695,"Solicitor, Scotland"
07894,"Programme researcher, broadcasting/film/video"
39503,"Surveyor, land/geomatics"
41493,Catering manager
31227,Learning mentor
55600,Records manager
05216,Amenity horticulturist
30639,Air broker
28266,Plant breeder/geneticist
85045,Aid worker
99142,Private music teacher
98644,Legal secretary
30484,Chief Marketing Officer
77679,"Engineer, site"
80118,Office manager
31647,Toxicologist
33059,Occupational psychologist
74744,Proofreader
07301,Hydrogeologist
76564,Facilities manager
13840,"Engineer, drilling"
89054,Teaching laboratory technician
61597,Theme park manager
59056,Counselling psychologist
66253,"Education officer, environmental"
63732,Dramatherapist
98342,Multimedia specialist
86288,Retail buyer
17479,Control and instrumentation engineer
40621,Purchasing manager
45777,Advertising account planner
86720,Catering manager
95706,Marine scientist
55555,Tree surgeon
32863,Retail banker
19969,Barista
94120,Drilling engineer
37947,Insurance account manager
45297,Animal nutritionist
49799,Advertising account executive
19032,Operational researcher
61666,Local government officer
37402,Horticultural therapist
11058,"Engineer, electronics"
90715,Civil Service fast streamer
40380,"Horticulturist, amenity"
18473,Legal secretary
91375,Insurance claims handler
25205,Press sub
92292,"Social research officer, government"
50863,Chief Financial Officer
66966,Minerals surveyor
45449,Radiation protection practitioner
77300,Advertising art director
76629,"Librarian, public"
26806,Tour manager
74696,Chief Operating Officer
63609,Purchasing manager
00821,"Psychologist, forensic"
53106,"Scientist, research (maths)"
61323,Warehouse manager
38717,Exercise physiologist
77630,"Psychologist, forensic"
88887,Data scientist
05764,Health service manager
48492,Newspaper journalist
06440,Architect
54810,Arboriculturist
49169,Electrical engineer
34539,"Physicist, medical"
25142,Wellsite geologist
95394,Town planner
94056,Environmental health practitioner
72140,Chiropractor
01194,Passenger transport manager
58223,Advertising account planner
37937,Human resources officer
39296,Electronics engineer
33149,Contracting civil engineer
58121,Diplomatic Services operational officer
85751,Architectural technologist
20294,Personnel officer
35579,Seismic interpreter
13920,Optometrist
98216,"Development worker, international aid"
85719,Mechanical engineer
30015,Industrial/product designer
52577,International aid/development worker
27708,Secondary school teacher
99170,"Surveyor, hydrographic"
37314,Community development worker
24131,Press sub
22366,Architect
43006,"Programmer, systems"
19538,Microbiologist
76845,Ambulance person
35620,Purchasing manager
36679,Hydrogeologist
25870,Child psychotherapist
84783,Tourism officer
69017,Immunologist
73808,Tour manager
13588,"Surveyor, building control"
68049,Broadcast engineer
10706,Data processing manager
48551,Clinical research associate
67570,"Psychologist, educational"
72909,Training and development officer
56531,"Biochemist, clinical"
79710,Quality manager
84478,Warehouse manager
04093,Hospital doctor
18584,Armed forces training and education officer
67577,Transport planner
36660,Probation officer
40124,Museum education officer
46422,Outdoor activities/education manager
17483,Dramatherapist
92006,Armed forces logistics/support/administrative officer
90484,Garment/textile technologist
36410,Brewing technologist
66052,Special educational needs teacher
75999,Research scientist (maths)
84330,"Scientist, research (life sciences)"
82725,Museum/gallery curator
86559,Armed forces training and education officer
72570,"Surveyor, building control"
95531,Press photographer
30429,Homeopath
79916,"Administrator, Civil Service"
91149,Health visitor
63957,"Therapist, horticultural"
55682,Chartered certified accountant
72952,Nature conservation officer
35203,Information systems manager
78245,"Sound technician, broadcasting/film/video"
83735,Accommodation manager
81875,Horticultural consultant
28308,"Nurse, learning disability"
07039,Consulting civil engineer
36789,General practice doctor
98737,Audiological scientist
47247,"Teacher, secondary school"
04709,Garment/textile technologist
35806,Homeopath
40013,"Producer, radio"
25918,Architect
11453,Trade mark attorney
80314,Retail banker
15472,"Surveyor, quantity"
45261,Minerals surveyor
86108,Counsellor
87696,Diagnostic radiographer
07422,"Loss adjuster, chartered"
28354,"Designer, jewellery"
91126,Media planner
01490,Personal assistant
32698,"Buyer, retail"
73967,"Runner, broadcasting/film/video"
95898,Barrister
81291,Public relations account executive
15021,Geochemist
50228,Radio producer
96567,Recycling officer
26325,"Designer, furniture"
65723,Teaching laboratory technician
67272,Museum/gallery conservator
49418,"Sales professional, IT"
78809,Equality and diversity officer
90720,"Research officer, political party"
14542,"Engineer, chemical"
08274,Clinical embryologist
97499,"Pharmacist, community"
85720,"Therapist, occupational"
70439,"Copywriter, advertising"
76748,Community education officer
76916,"Merchandiser, retail"
48898,Special effects artist
70094,Museum/gallery exhibitions officer
19911,Dance movement psychotherapist
49485,Financial risk analyst
70685,"Journalist, broadcasting"
26932,"Geologist, wellsite"
51824,Jewellery designer
85574,Commercial horticulturist
05928,"Lecturer, further education"
36358,Field seismologist
38481,Textile designer
84347,Animal technologist
74846,"Surveyor, rural practice"
73862,Retail merchandiser
18522,Copy
23650,Print production planner
04488,Lexicographer
75031,Analytical chemist
60529,Nature conservation officer
98415,Legal executive
96441,Clothing/textile technologist
74671,Colour technologist
66298,"Social research officer, government"
18156,Medical technical officer
22455,Sports coach
06666,Furniture designer
16616,Magazine features editor
79458,"Engineer, technical sales"
35709,Waste management officer
80501,Analytical chemist
79592,Medical technical officer
60968,Archivist
88428,Fisheries officer
78855,Exhibition designer
85680,Farm manager
68553,Publishing rights manager
31373,"Conservation officer, historic buildings"
10121,Tourist information centre manager
49985,"Buyer, retail"
71133,Health and safety inspector
99397,Research scientist (physical sciences)
65784,Futures trader
70902,Metallurgist
14917,Osteopath
20056,Equities trader
51557,"Engineer, civil (consulting)"
09738,Learning mentor
00928,"Programmer, applications"
32909,"Research officer, government"
35989,"Engineer, production"
58879,"Horticulturist, amenity"
14700,Dietitian
18750,Media planner
31563,Insurance claims handler
47191,Information systems manager
50406,"Lighting technician, broadcasting/film/video"
33931,Community arts worker
69744,"Engineer, energy"
92563,Rural practice surveyor
18196,Customer service manager
77300,Geophysical data processor
34625,Advertising copywriter
24257,Occupational psychologist
05265,"Engineer, petroleum"
13866,Sub
34522,"Engineer, maintenance (IT)"
71066,Medical secretary
71447,"Surveyor, commercial/residential"
02476,Fast food restaurant manager
44812,"Designer, graphic"
52834,Publishing copy
31525,"Research officer, political party"
53266,Television/film/video producer
77556,"Therapist, sports"
56265,"Research officer, political party"
37843,"Production assistant, television"
49424,Early years teacher
08214,Production manager
24021,"Production assistant, television"
57186,"Psychologist, educational"
87482,Ecologist
80178,Claims inspector/assessor
10236,Radio broadcast assistant
85679,TEFL teacher
73532,Database administrator
25057,Restaurant manager
91644,"Solicitor, Scotland"
69354,Market researcher
56563,"Sound technician, broadcasting/film/video"
19327,Heritage manager
43481,Speech and language therapist
05387,Freight forwarder
20406,Television floor manager
79406,"Scientist, research (maths)"
62893,Estate manager/land agent
80022,IT sales professional
44225,Hydrologist
92606,"Journalist, broadcasting"
19613,Meteorologist
73713,Phytotherapist
83820,Control and instrumentation engineer
26188,Multimedia specialist
21257,Charity fundraiser
46310,"Scientist, forensic"
72908,Medical physicist
11109,Chartered certified accountant
45615,"Pharmacist, hospital"
52451,Building control surveyor
02665,"Engineer, agricultural"
80226,IT sales professional
59708,Sports administrator
38541,Careers information officer
82169,Learning mentor
65713,"Surveyor, land/geomatics"
95671,Occupational hygienist
44214,"Accountant, chartered management"
16083,Microbiologist
28500,Building services engineer
98109,Naval architect
17887,Lawyer
63685,Maintenance engineer
47540,Chiropractor
60251,Quarry manager
03007,Personal assistant
07200,"Research officer, political party"
63896,Optometrist
90945,Armed forces training and education officer
76028,Psychiatric nurse
72681,Chief Executive Officer
57809,"Engineer, manufacturing systems"
86996,"Librarian, academic"
46822,Operational investment banker
22666,Nature conservation officer
08143,Building surveyor
73540,Educational psychologist
10037,Chartered legal executive (England and Wales)
58926,"Editor, film/video"
99859,Meteorologist
32493,Community arts worker
27147,Geoscientist
43846,Chief Marketing Officer
28053,"Engineer, drilling"
32082,Hydrogeologist
40177,Chief Operating Officer
15224,"Engineer, maintenance (IT)"
23788,Surgeon
11744,Freight forwarder
55115,Academic librarian
61569,Financial controller
42961,Medical laboratory scientific officer
22964,Textile designer
29835,Retail manager
02289,Chartered legal executive (England and Wales)
90464,Chief Marketing Officer
48257,Copy
33554,Product designer
34578,"Engineer, structural"
89052,Insurance underwriter
89093,Animal technologist
30205,Exercise physiologist
19225,Banker
37075,"Production designer, theatre/television/film"
56057,Media buyer
56407,Museum education officer
82406,Multimedia specialist
20930,Radio producer
94684,Press sub
15749,Prison officer
82738,"Scientist, marine"
52108,Forensic psychologist
72926,Stage manager
68334,"Engineer, agricultural"
20835,Corporate investment banker
06242,Educational psychologist
20750,Web designer
29737,"Designer, jewellery"
67605,"Buyer, retail"
27169,"Psychotherapist, dance movement"
77833,Computer games developer
51593,"Therapist, sports"
70549,Chief Technology Officer
16290,Warehouse manager
44827,"Biochemist, clinical"
33613,"Surveyor, mining"
